{
  "us": {
    "proMax13": {
      "MLKP3LL/A": "iPhone 13 Pro Max 128GB Sierra Blue",
      "MLKM3LL/A": "iPhone 13 Pro Max 128GB Silver",
      "MLKN3LL/A": "iPhone 13 Pro Max 128GB Gold",
      "MLKL3LL/A": "iPhone 13 Pro Max 128GB Graphite",
      "MLKV3LL/A": "iPhone 13 Pro Max 256GB Sierra Blue",
      "MLKT3LL/A": "iPhone 13 Pro Max 256GB Silver",
      "MLKU3LL/A": "iPhone 13 Pro Max 256GB Gold",
      "MLKR3LL/A": "iPhone 13 Pro Max 256GB Graphite",
      "MLL03LL/A": "iPhone 13 Pro Max 512GB Sierra Blue",
      "MLKX3LL/A": "iPhone 13 Pro Max 512GB Silver",
      "MLKY3LL/A": "iPhone 13 Pro Max 512GB Gold",
      "MLKW3LL/A": "iPhone 13 Pro Max 512GB Graphite",
      "MLL53LL/A": "iPhone 13 Pro Max 1TB Sierra Blue",
      "MLL33LL/A": "iPhone 13 Pro Max 1TB Silver",
      "MLL43LL/A": "iPhone 13 Pro Max 1TB Gold",
      "MLL23LL/A": "iPhone 13 Pro Max 1TB Graphite"
    },
    "pro13": {
      "MLTT3LL/A": "iPhone 13 Pro 128GB Sierra Blue",
      "MLTQ3LL/A": "iPhone 13 Pro 128GB Silver",
      "MLTR3LL/A": "iPhone 13 Pro 128GB Gold",
      "MLTP3LL/A": "iPhone 13 Pro 128GB Graphite",
      "MLU03LL/A": "iPhone 13 Pro 256GB Sierra Blue",
      "MLTX3LL/A": "iPhone 13 Pro 256GB Silver",
      "MLTY3LL/A": "iPhone 13 Pro 256GB Gold",
      "MLTW3LL/A": "iPhone 13 Pro 256GB Graphite",
      "MLU73LL/A": "iPhone 13 Pro 512GB Sierra Blue",
      "MLU33LL/A": "iPhone 13 Pro 512GB Silver",
      "MLU43LL/A": "iPhone 13 Pro 512GB Gold",
      "MLU13LL/A": "iPhone 13 Pro 512GB Graphite",
      "MLUD3LL/A": "iPhone 13 Pro 1TB Sierra Blue",
      "MLUA3LL/A": "iPhone 13 Pro 1TB Silver",
      "MLUC3LL/A": "iPhone 13 Pro 1TB Gold",
      "MLU93LL/A": "iPhone 13 Pro 1TB Graphite"
    },
    "mini13": {
      "MLHP3LL/A": "iPhone 13 mini 128GB Pink",
      "MLHV3LL/A": "iPhone 13 mini 256GB Pink",
      "MLJ13LL/A": "iPhone 13 mini 512GB Pink",
      "MLHR3LL/A": "iPhone 13 mini 128GB Blue",
      "MLHX3LL/A": "iPhone 13 mini 256GB Blue",
      "MLJ33LL/A": "iPhone 13 mini 512GB Blue",
      "MLHM3LL/A": "iPhone 13 mini 128GB Midnight",
      "MLHT3LL/A": "iPhone 13 mini 256GB Midnight",
      "MLHY3LL/A": "iPhone 13 mini 512GB Midnight",
      "MLHN3LL/A": "iPhone 13 mini 128GB Starlight",
      "MLHU3LL/A": "iPhone 13 mini 256GB Starlight",
      "MLJ03LL/A": "iPhone 13 mini 512GB Starlight",
      "MLHQ3LL/A": "iPhone 13 mini 128GB Product Red",
      "MLHW3LL/A": "iPhone 13 mini 256GB Product Red",
      "MLJ23LL/A": "iPhone 13 mini 512GB Product Red"
    },
    "regular13": {
      "MLMN3LL/A": "iPhone 13 128GB Pink",
      "MLMY3LL/A": "iPhone 13 256GB Pink",
      "MLN43LL/A": "iPhone 13 512GB Pink",
      "MLMT3LL/A": "iPhone 13 128GB Blue",
      "MLN13LL/A": "iPhone 13 256GB Blue",
      "MLN83LL/A": "iPhone 13 512GB Blue",
      "MLML3LL/A": "iPhone 13 128GB Midnight",
      "MLMU3LL/A": "iPhone 13 256GB Midnight",
      "MLN23LL/A": "iPhone 13 512GB Midnight",
      "MLMM3LL/A": "iPhone 13 128GB Starlight",
      "MLMX3LL/A": "iPhone 13 256GB Starlight",
      "MLN33LL/A": "iPhone 13 512GB Starlight",
      "MLMQ3LL/A": "iPhone 13 128GB Product Red",
      "MLN03LL/A": "iPhone 13 256GB Product Red",
      "MLN53LL/A": "iPhone 13 512GB Product Red"
    }
  },
  "ca": {
    "proMax13": {
      "MLJ73VC/A": "iPhone 13 Pro Max 128GB Sierra Blue",
      "MLJ53VC/A": "iPhone 13 Pro Max 128GB Silver",
      "MLJ63VC/A": "iPhone 13 Pro Max 128GB Gold",
      "MLJ43VC/A": "iPhone 13 Pro Max 128GB Graphite",
      "MLJD3VC/A": "iPhone 13 Pro Max 256GB Sierra Blue",
      "MLJ93VC/A": "iPhone 13 Pro Max 256GB Silver",
      "MLJA3VC/A": "iPhone 13 Pro Max 256GB Gold",
      "MLJ83VC/A": "iPhone 13 Pro Max 256GB Graphite",
      "MLJX3VC/A": "iPhone 13 Pro Max 512GB Sierra Blue",
      "MLJT3VC/A": "iPhone 13 Pro Max 512GB Silver",
      "MLJV3VC/A": "iPhone 13 Pro Max 512GB Gold",
      "MLJQ3VC/A": "iPhone 13 Pro Max 512GB Graphite",
      "MLKK3VC/A": "iPhone 13 Pro Max 1TB Sierra Blue",
      "MLKH3VC/A": "iPhone 13 Pro Max 1TB Silver",
      "MLKJ3VC/A": "iPhone 13 Pro Max 1TB Gold",
      "MLKG3VC/A": "iPhone 13 Pro Max 1TB Graphite"
    },
    "pro13": {
      "MLUK3VC/A": "iPhone 13 Pro 128GB Sierra Blue",
      "MLUF3VC/A": "iPhone 13 Pro 128GB Silver",
      "MLUH3VC/A": "iPhone 13 Pro 128GB Gold",
      "MLUE3VC/A": "iPhone 13 Pro 128GB Graphite",
      "MLUU3VC/A": "iPhone 13 Pro 256GB Sierra Blue",
      "MLUP3VC/A": "iPhone 13 Pro 256GB Silver",
      "MLUQ3VC/A": "iPhone 13 Pro 256GB Gold",
      "MLUN3VC/A": "iPhone 13 Pro 256GB Graphite",
      "MLV03VC/A": "iPhone 13 Pro 512GB Sierra Blue",
      "MLUW3VC/A": "iPhone 13 Pro 512GB Silver",
      "MLUY3VC/A": "iPhone 13 Pro 512GB Gold",
      "MLUV3VC/A": "iPhone 13 Pro 512GB Graphite",
      "MLV73VC/A": "iPhone 13 Pro 1TB Sierra Blue",
      "MLV33VC/A": "iPhone 13 Pro 1TB Silver",
      "MLV43VC/A": "iPhone 13 Pro 1TB Gold",
      "MLV13VC/A": "iPhone 13 Pro 1TB Graphite"
    },
    "mini13": {
      "MLJF3VC/A": "iPhone 13 mini 128GB Pink",
      "MLJL3VC/A": "iPhone 13 mini 256GB Pink",
      "MLJU3VC/A": "iPhone 13 mini 512GB Pink",
      "MLJH3VC/A": "iPhone 13 mini 128GB Blue",
      "MLJN3VC/A": "iPhone 13 mini 256GB Blue",
      "MLJY3VC/A": "iPhone 13 mini 512GB Blue",
      "MLJC3VC/A": "iPhone 13 mini 128GB Midnight",
      "MLJJ3VC/A": "iPhone 13 mini 256GB Midnight",
      "MLJP3VC/A": "iPhone 13 mini 512GB Midnight",
      "MLJE3VC/A": "iPhone 13 mini 128GB Starlight",
      "MLJK3VC/A": "iPhone 13 mini 256GB Starlight",
      "MLJR3VC/A": "iPhone 13 mini 512GB Starlight",
      "MLJG3VC/A": "iPhone 13 mini 128GB Product Red",
      "MLJM3VC/A": "iPhone 13 mini 256GB Product Red",
      "MLJW3VC/A": "iPhone 13 mini 512GB Product Red"
    },
    "regular13": {
      "MLNE3VC/A": "iPhone 13 128GB Pink",
      "MLNK3VC/A": "iPhone 13 256GB Pink",
      "MLNQ3VC/A": "iPhone 13 512GB Pink",
      "MLNG3VC/A": "iPhone 13 128GB Blue",
      "MLNM3VC/A": "iPhone 13 256GB Blue",
      "MLNT3VC/A": "iPhone 13 512GB Blue",
      "MLNC3VC/A": "iPhone 13 128GB Midnight",
      "MLNH3VC/A": "iPhone 13 256GB Midnight",
      "MLNN3VC/A": "iPhone 13 512GB Midnight",
      "MLND3VC/A": "iPhone 13 128GB Starlight",
      "MLNJ3VC/A": "iPhone 13 256GB Starlight",
      "MLNP3VC/A": "iPhone 13 512GB Starlight",
      "MLNF3VC/A": "iPhone 13 128GB Product Red",
      "MLNL3VC/A": "iPhone 13 256GB Product Red",
      "MLNR3VC/A": "iPhone 13 512GB Product Red"
    }
  },
  "uk": {
    "proMax13": {
      "MLL93B/A": "iPhone 13 Pro Max 128GB Sierra Blue",
      "MLL73B/A": "iPhone 13 Pro Max 128GB Silver",
      "MLL83B/A": "iPhone 13 Pro Max 128GB Gold",
      "MLL63B/A": "iPhone 13 Pro Max 128GB Graphite",
      "MLLE3B/A": "iPhone 13 Pro Max 256GB Sierra Blue",
      "MLLC3B/A": "iPhone 13 Pro Max 256GB Silver",
      "MLLD3B/A": "iPhone 13 Pro Max 256GB Gold",
      "MLLA3B/A": "iPhone 13 Pro Max 256GB Graphite",
      "MLLJ3B/A": "iPhone 13 Pro Max 512GB Sierra Blue",
      "MLLG3B/A": "iPhone 13 Pro Max 512GB Silver",
      "MLLH3B/A": "iPhone 13 Pro Max 512GB Gold",
      "MLLF3B/A": "iPhone 13 Pro Max 512GB Graphite",
      "MLLN3B/A": "iPhone 13 Pro Max 1TB Sierra Blue",
      "MLLL3B/A": "iPhone 13 Pro Max 1TB Silver",
      "MLLM3B/A": "iPhone 13 Pro Max 1TB Gold",
      "MLLK3B/A": "iPhone 13 Pro Max 1TB Graphite"
    },
    "pro13": {
      "MLVD3B/A": "iPhone 13 Pro 128GB Sierra Blue",
      "MLVA3B/A": "iPhone 13 Pro 128GB Silver",
      "MLVC3B/A": "iPhone 13 Pro 128GB Gold",
      "MLV93B/A": "iPhone 13 Pro 128GB Graphite",
      "MLVP3B/A": "iPhone 13 Pro 256GB Sierra Blue",
      "MLVF3B/A": "iPhone 13 Pro 256GB Silver",
      "MLVK3B/A": "iPhone 13 Pro 256GB Gold",
      "MLVE3B/A": "iPhone 13 Pro 256GB Graphite",
      "MLVU3B/A": "iPhone 13 Pro 512GB Sierra Blue",
      "MLVN3B/A": "iPhone 13 Pro 512GB Silver",
      "MLVQ3B/A": "iPhone 13 Pro 512GB Gold",
      "MLVH3B/A": "iPhone 13 Pro 512GB Graphite",
      "MLW03B/A": "iPhone 13 Pro 1TB Sierra Blue",
      "MLVW3B/A": "iPhone 13 Pro 1TB Silver",
      "MLVY3B/A": "iPhone 13 Pro 1TB Gold",
      "MLVV3B/A": "iPhone 13 Pro 1TB Graphite"
    },
    "mini13": {
      "MLK23B/A": "iPhone 13 mini 128GB Pink",
      "MLK73B/A": "iPhone 13 mini 256GB Pink",
      "MLKD3B/A": "iPhone 13 mini 512GB Pink",
      "MLK43B/A": "iPhone 13 mini 128GB Blue",
      "MLK93B/A": "iPhone 13 mini 256GB Blue",
      "MLKF3B/A": "iPhone 13 mini 512GB Blue",
      "MLK03B/A": "iPhone 13 mini 128GB Midnight",
      "MLK53B/A": "iPhone 13 mini 256GB Midnight",
      "MLKA3B/A": "iPhone 13 mini 512GB Midnight",
      "MLK13B/A": "iPhone 13 mini 128GB Starlight",
      "MLK63B/A": "iPhone 13 mini 256GB Starlight",
      "MLKC3B/A": "iPhone 13 mini 512GB Starlight",
      "MLK33B/A": "iPhone 13 mini 128GB Product Red",
      "MLK83B/A": "iPhone 13 mini 256GB Product Red",
      "MLKE3B/A": "iPhone 13 mini 512GB Product Red"
    },
    "regular13": {
      "MLPH3B/A": "iPhone 13 128GB Pink",
      "MLQ83B/A": "iPhone 13 256GB Pink",
      "MLQE3B/A": "iPhone 13 512GB Pink",
      "MLPK3B/A": "iPhone 13 128GB Blue",
      "MLQA3B/A": "iPhone 13 256GB Blue",
      "MLQG3B/A": "iPhone 13 512GB Blue",
      "MLPF3B/A": "iPhone 13 128GB Midnight",
      "MLQ63B/A": "iPhone 13 256GB Midnight",
      "MLQC3B/A": "iPhone 13 512GB Midnight",
      "MLPG3B/A": "iPhone 13 128GB Starlight",
      "MLQ73B/A": "iPhone 13 256GB Starlight",
      "MLQD3B/A": "iPhone 13 512GB Starlight",
      "MLPJ3B/A": "iPhone 13 128GB Product Red",
      "MLQ93B/A": "iPhone 13 256GB Product Red",
      "MLQF3B/A": "iPhone 13 512GB Product Red"
    }
  },
  "hk": {
    "proMax13": {
      "MLH73ZA/A": "iPhone 13 Pro Max 128GB Sierra Blue",
      "MLH53ZA/A": "iPhone 13 Pro Max 128GB Silver",
      "MLH63ZA/A": "iPhone 13 Pro Max 128GB Gold",
      "MLH43ZA/A": "iPhone 13 Pro Max 128GB Graphite",
      "MLHC3ZA/A": "iPhone 13 Pro Max 256GB Sierra Blue",
      "MLH93ZA/A": "iPhone 13 Pro Max 256GB Silver",
      "MLHA3ZA/A": "iPhone 13 Pro Max 256GB Gold",
      "MLH83ZA/A": "iPhone 13 Pro Max 256GB Graphite",
      "MLHG3ZA/A": "iPhone 13 Pro Max 512GB Sierra Blue",
      "MLHE3ZA/A": "iPhone 13 Pro Max 512GB Silver",
      "MLHF3ZA/A": "iPhone 13 Pro Max 512GB Gold",
      "MLHD3ZA/A": "iPhone 13 Pro Max 512GB Graphite",
      "MLHL3ZA/A": "iPhone 13 Pro Max 1TB Sierra Blue",
      "MLHJ3ZA/A": "iPhone 13 Pro Max 1TB Silver",
      "MLHK3ZA/A": "iPhone 13 Pro Max 1TB Gold",
      "MLHH3ZA/A": "iPhone 13 Pro Max 1TB Graphite"
    },
    "pro13": {
      "MLT83ZA/A": "iPhone 13 Pro 128GB Sierra Blue",
      "MLT63ZA/A": "iPhone 13 Pro 128GB Silver",
      "MLT73ZA/A": "iPhone 13 Pro 128GB Gold",
      "MLT53ZA/A": "iPhone 13 Pro 128GB Graphite",
      "MLTE3ZA/A": "iPhone 13 Pro 256GB Sierra Blue",
      "MLTC3ZA/A": "iPhone 13 Pro 256GB Silver",
      "MLTD3ZA/A": "iPhone 13 Pro 256GB Gold",
      "MLT93ZA/A": "iPhone 13 Pro 256GB Graphite",
      "MLTJ3ZA/A": "iPhone 13 Pro 512GB Sierra Blue",
      "MLTG3ZA/A": "iPhone 13 Pro 512GB Silver",
      "MLTH3ZA/A": "iPhone 13 Pro 512GB Gold",
      "MLTF3ZA/A": "iPhone 13 Pro 512GB Graphite",
      "MLTN3ZA/A": "iPhone 13 Pro 1TB Sierra Blue",
      "MLTL3ZA/A": "iPhone 13 Pro 1TB Silver",
      "MLTM3ZA/A": "iPhone 13 Pro 1TB Gold",
      "MLTK3ZA/A": "iPhone 13 Pro 1TB Graphite"
    },
    "mini13": {
      "MLK23ZA/A": "iPhone 13 mini 128GB Pink",
      "MLK73ZA/A": "iPhone 13 mini 256GB Pink",
      "MLKD3ZA/A": "iPhone 13 mini 512GB Pink",
      "MLK43ZA/A": "iPhone 13 mini 128GB Blue",
      "MLK93ZA/A": "iPhone 13 mini 256GB Blue",
      "MLKF3ZA/A": "iPhone 13 mini 512GB Blue",
      "MLK03ZA/A": "iPhone 13 mini 128GB Midnight",
      "MLK53ZA/A": "iPhone 13 mini 256GB Midnight",
      "MLKA3ZA/A": "iPhone 13 mini 512GB Midnight",
      "MLK13ZA/A": "iPhone 13 mini 128GB Starlight",
      "MLK63ZA/A": "iPhone 13 mini 256GB Starlight",
      "MLKC3ZA/A": "iPhone 13 mini 512GB Starlight",
      "MLK33ZA/A": "iPhone 13 mini 128GB Product Red",
      "MLK83ZA/A": "iPhone 13 mini 256GB Product Red",
      "MLKE3ZA/A": "iPhone 13 mini 512GB Product Red"
    },
    "regular13": {
      "MLDW3ZA/A": "iPhone 13 128GB Pink",
      "MLE23ZA/A": "iPhone 13 256GB Pink",
      "MLE93ZA/A": "iPhone 13 512GB Pink",
      "MLDY3ZA/A": "iPhone 13 128GB Blue",
      "MLE43ZA/A": "iPhone 13 256GB Blue",
      "MLEC3ZA/A": "iPhone 13 512GB Blue",
      "MLDU3ZA/A": "iPhone 13 128GB Midnight",
      "MLE03ZA/A": "iPhone 13 256GB Midnight",
      "MLE63ZA/A": "iPhone 13 512GB Midnight",
      "MLDV3ZA/A": "iPhone 13 128GB Starlight",
      "MLE13ZA/A": "iPhone 13 256GB Starlight",
      "MLE73ZA/A": "iPhone 13 512GB Starlight",
      "MLDX3ZA/A": "iPhone 13 128GB Product Red",
      "MLE33ZA/A": "iPhone 13 256GB Product Red",
      "MLEA3ZA/A": "iPhone 13 512GB Product Red"
    }
  },
  "au": {
    "proMax13": {
      "MLL93X/A": "iPhone 13 Pro Max 128GB Sierra Blue",
      "MLL73X/A": "iPhone 13 Pro Max 128GB Silver",
      "MLL83X/A": "iPhone 13 Pro Max 128GB Gold",
      "MLL63X/A": "iPhone 13 Pro Max 128GB Graphite",
      "MLLE3X/A": "iPhone 13 Pro Max 256GB Sierra Blue",
      "MLLC3X/A": "iPhone 13 Pro Max 256GB Silver",
      "MLLD3X/A": "iPhone 13 Pro Max 256GB Gold",
      "MLLA3X/A": "iPhone 13 Pro Max 256GB Graphite",
      "MLLJ3X/A": "iPhone 13 Pro Max 512GB Sierra Blue",
      "MLLG3X/A": "iPhone 13 Pro Max 512GB Silver",
      "MLLH3X/A": "iPhone 13 Pro Max 512GB Gold",
      "MLLF3X/A": "iPhone 13 Pro Max 512GB Graphite",
      "MLLN3X/A": "iPhone 13 Pro Max 1TB Sierra Blue",
      "MLLL3X/A": "iPhone 13 Pro Max 1TB Silver",
      "MLLM3X/A": "iPhone 13 Pro Max 1TB Gold",
      "MLLK3X/A": "iPhone 13 Pro Max 1TB Graphite"
    },
    "pro13": {
      "MLVD3X/A": "iPhone 13 Pro 128GB Sierra Blue",
      "MLVA3X/A": "iPhone 13 Pro 128GB Silver",
      "MLVC3X/A": "iPhone 13 Pro 128GB Gold",
      "MLV93X/A": "iPhone 13 Pro 128GB Graphite",
      "MLVP3X/A": "iPhone 13 Pro 256GB Sierra Blue",
      "MLVF3X/A": "iPhone 13 Pro 256GB Silver",
      "MLVK3X/A": "iPhone 13 Pro 256GB Gold",
      "MLVE3X/A": "iPhone 13 Pro 256GB Graphite",
      "MLVU3X/A": "iPhone 13 Pro 512GB Sierra Blue",
      "MLVN3X/A": "iPhone 13 Pro 512GB Silver",
      "MLVQ3X/A": "iPhone 13 Pro 512GB Gold",
      "MLVH3X/A": "iPhone 13 Pro 512GB Graphite",
      "MLW03X/A": "iPhone 13 Pro 1TB Sierra Blue",
      "MLVW3X/A": "iPhone 13 Pro 1TB Silver",
      "MLVY3X/A": "iPhone 13 Pro 1TB Gold",
      "MLVV3X/A": "iPhone 13 Pro 1TB Graphite"
    },
    "mini13": {
      "MLK23X/A": "iPhone 13 mini 128GB Pink",
      "MLK73X/A": "iPhone 13 mini 256GB Pink",
      "MLKD3X/A": "iPhone 13 mini 512GB Pink",
      "MLK43X/A": "iPhone 13 mini 128GB Blue",
      "MLK93X/A": "iPhone 13 mini 256GB Blue",
      "MLKF3X/A": "iPhone 13 mini 512GB Blue",
      "MLK03X/A": "iPhone 13 mini 128GB Midnight",
      "MLK53X/A": "iPhone 13 mini 256GB Midnight",
      "MLKA3X/A": "iPhone 13 mini 512GB Midnight",
      "MLK13X/A": "iPhone 13 mini 128GB Starlight",
      "MLK63X/A": "iPhone 13 mini 256GB Starlight",
      "MLKC3X/A": "iPhone 13 mini 512GB Starlight",
      "MLK33X/A": "iPhone 13 mini 128GB Product Red",
      "MLK83X/A": "iPhone 13 mini 256GB Product Red",
      "MLKE3X/A": "iPhone 13 mini 512GB Product Red"
    },
    "regular13": {
      "MLPH3X/A": "iPhone 13 128GB Pink",
      "MLQ83X/A": "iPhone 13 256GB Pink",
      "MLQE3X/A": "iPhone 13 512GB Pink",
      "MLPK3X/A": "iPhone 13 128GB Blue",
      "MLQA3X/A": "iPhone 13 256GB Blue",
      "MLQG3X/A": "iPhone 13 512GB Blue",
      "MLPF3X/A": "iPhone 13 128GB Midnight",
      "MLQ63X/A": "iPhone 13 256GB Midnight",
      "MLQC3X/A": "iPhone 13 512GB Midnight",
      "MLPG3X/A": "iPhone 13 128GB Starlight",
      "MLQ73X/A": "iPhone 13 256GB Starlight",
      "MLQD3X/A": "iPhone 13 512GB Starlight",
      "MLPJ3X/A": "iPhone 13 128GB Product Red",
      "MLQ93X/A": "iPhone 13 256GB Product Red",
      "MLQF3X/A": "iPhone 13 512GB Product Red"
    }
  },
  "kr": {
    "proMax13": {
      "MLL93KH/A": "iPhone 13 Pro Max 128GB Sierra Blue",
      "MLL73KH/A": "iPhone 13 Pro Max 128GB Silver",
      "MLL83KH/A": "iPhone 13 Pro Max 128GB Gold",
      "MLL63KH/A": "iPhone 13 Pro Max 128GB Graphite",
      "MLLE3KH/A": "iPhone 13 Pro Max 256GB Sierra Blue",
      "MLLC3KH/A": "iPhone 13 Pro Max 256GB Silver",
      "MLLD3KH/A": "iPhone 13 Pro Max 256GB Gold",
      "MLLA3KH/A": "iPhone 13 Pro Max 256GB Graphite",
      "MLLJ3KH/A": "iPhone 13 Pro Max 512GB Sierra Blue",
      "MLLG3KH/A": "iPhone 13 Pro Max 512GB Silver",
      "MLLH3KH/A": "iPhone 13 Pro Max 512GB Gold",
      "MLLF3KH/A": "iPhone 13 Pro Max 512GB Graphite",
      "MLLN3KH/A": "iPhone 13 Pro Max 1TB Sierra Blue",
      "MLLL3KH/A": "iPhone 13 Pro Max 1TB Silver",
      "MLLM3KH/A": "iPhone 13 Pro Max 1TB Gold",
      "MLLK3KH/A": "iPhone 13 Pro Max 1TB Graphite"
    },
    "pro13": {
      "MLVD3KH/A": "iPhone 13 Pro 128GB Sierra Blue",
      "MLVA3KH/A": "iPhone 13 Pro 128GB Silver",
      "MLVC3KH/A": "iPhone 13 Pro 128GB Gold",
      "MLV93KH/A": "iPhone 13 Pro 128GB Graphite",
      "MLVP3KH/A": "iPhone 13 Pro 256GB Sierra Blue",
      "MLVF3KH/A": "iPhone 13 Pro 256GB Silver",
      "MLVK3KH/A": "iPhone 13 Pro 256GB Gold",
      "MLVE3KH/A": "iPhone 13 Pro 256GB Graphite",
      "MLVU3KH/A": "iPhone 13 Pro 512GB Sierra Blue",
      "MLVN3KH/A": "iPhone 13 Pro 512GB Silver",
      "MLVQ3KH/A": "iPhone 13 Pro 512GB Gold",
      "MLVH3KH/A": "iPhone 13 Pro 512GB Graphite",
      "MLW03KH/A": "iPhone 13 Pro 1TB Sierra Blue",
      "MLVW3KH/A": "iPhone 13 Pro 1TB Silver",
      "MLVY3KH/A": "iPhone 13 Pro 1TB Gold",
      "MLVV3KH/A": "iPhone 13 Pro 1TB Graphite"
    },
    "mini13": {
      "MLK23KH/A": "iPhone 13 mini 128GB Pink",
      "MLK73KH/A": "iPhone 13 mini 256GB Pink",
      "MLKD3KH/A": "iPhone 13 mini 512GB Pink",
      "MLK43KH/A": "iPhone 13 mini 128GB Blue",
      "MLK93KH/A": "iPhone 13 mini 256GB Blue",
      "MLKF3KH/A": "iPhone 13 mini 512GB Blue",
      "MLK03KH/A": "iPhone 13 mini 128GB Midnight",
      "MLK53KH/A": "iPhone 13 mini 256GB Midnight",
      "MLKA3KH/A": "iPhone 13 mini 512GB Midnight",
      "MLK13KH/A": "iPhone 13 mini 128GB Starlight",
      "MLK63KH/A": "iPhone 13 mini 256GB Starlight",
      "MLKC3KH/A": "iPhone 13 mini 512GB Starlight",
      "MLK33KH/A": "iPhone 13 mini 128GB Product Red",
      "MLK83KH/A": "iPhone 13 mini 256GB Product Red",
      "MLKE3KH/A": "iPhone 13 mini 512GB Product Red"
    },
    "regular13": {
      "MLPH3KH/A": "iPhone 13 128GB Pink",
      "MLQ83KH/A": "iPhone 13 256GB Pink",
      "MLQE3KH/A": "iPhone 13 512GB Pink",
      "MLPK3KH/A": "iPhone 13 128GB Blue",
      "MLQA3KH/A": "iPhone 13 256GB Blue",
      "MLQG3KH/A": "iPhone 13 512GB Blue",
      "MLPF3KH/A": "iPhone 13 128GB Midnight",
      "MLQ63KH/A": "iPhone 13 256GB Midnight",
      "MLQC3KH/A": "iPhone 13 512GB Midnight",
      "MLPG3KH/A": "iPhone 13 128GB Starlight",
      "MLQ73KH/A": "iPhone 13 256GB Starlight",
      "MLQD3KH/A": "iPhone 13 512GB Starlight",
      "MLPJ3KH/A": "iPhone 13 128GB Product Red",
      "MLQ93KH/A": "iPhone 13 256GB Product Red",
      "MLQF3KH/A": "iPhone 13 512GB Product Red"
    }
  },
  "de": {
    "proMax13": {
      "MLL93ZD/A": "iPhone 13 Pro Max 128GB Sierra Blue",
      "MLL73ZD/A": "iPhone 13 Pro Max 128GB Silver",
      "MLL83ZD/A": "iPhone 13 Pro Max 128GB Gold",
      "MLL63ZD/A": "iPhone 13 Pro Max 128GB Graphite",
      "MLLE3ZD/A": "iPhone 13 Pro Max 256GB Sierra Blue",
      "MLLC3ZD/A": "iPhone 13 Pro Max 256GB Silver",
      "MLLD3ZD/A": "iPhone 13 Pro Max 256GB Gold",
      "MLLA3ZD/A": "iPhone 13 Pro Max 256GB Graphite",
      "MLLJ3ZD/A": "iPhone 13 Pro Max 512GB Sierra Blue",
      "MLLG3ZD/A": "iPhone 13 Pro Max 512GB Silver",
      "MLLH3ZD/A": "iPhone 13 Pro Max 512GB Gold",
      "MLLF3ZD/A": "iPhone 13 Pro Max 512GB Graphite",
      "MLLN3ZD/A": "iPhone 13 Pro Max 1TB Sierra Blue",
      "MLLL3ZD/A": "iPhone 13 Pro Max 1TB Silver",
      "MLLM3ZD/A": "iPhone 13 Pro Max 1TB Gold",
      "MLLK3ZD/A": "iPhone 13 Pro Max 1TB Graphite"
    },
    "pro13": {
      "MLVD3ZD/A": "iPhone 13 Pro 128GB Sierra Blue",
      "MLVA3ZD/A": "iPhone 13 Pro 128GB Silver",
      "MLVC3ZD/A": "iPhone 13 Pro 128GB Gold",
      "MLV93ZD/A": "iPhone 13 Pro 128GB Graphite",
      "MLVP3ZD/A": "iPhone 13 Pro 256GB Sierra Blue",
      "MLVF3ZD/A": "iPhone 13 Pro 256GB Silver",
      "MLVK3ZD/A": "iPhone 13 Pro 256GB Gold",
      "MLVE3ZD/A": "iPhone 13 Pro 256GB Graphite",
      "MLVU3ZD/A": "iPhone 13 Pro 512GB Sierra Blue",
      "MLVN3ZD/A": "iPhone 13 Pro 512GB Silver",
      "MLVQ3ZD/A": "iPhone 13 Pro 512GB Gold",
      "MLVH3ZD/A": "iPhone 13 Pro 512GB Graphite",
      "MLW03ZD/A": "iPhone 13 Pro 1TB Sierra Blue",
      "MLVW3ZD/A": "iPhone 13 Pro 1TB Silver",
      "MLVY3ZD/A": "iPhone 13 Pro 1TB Gold",
      "MLVV3ZD/A": "iPhone 13 Pro 1TB Graphite"
    },
    "mini13": {
      "MLK23ZD/A": "iPhone 13 mini 128GB Pink",
      "MLK73ZD/A": "iPhone 13 mini 256GB Pink",
      "MLKD3ZD/A": "iPhone 13 mini 512GB Pink",
      "MLK43ZD/A": "iPhone 13 mini 128GB Blue",
      "MLK93ZD/A": "iPhone 13 mini 256GB Blue",
      "MLKF3ZD/A": "iPhone 13 mini 512GB Blue",
      "MLK03ZD/A": "iPhone 13 mini 128GB Midnight",
      "MLK53ZD/A": "iPhone 13 mini 256GB Midnight",
      "MLKA3ZD/A": "iPhone 13 mini 512GB Midnight",
      "MLK13ZD/A": "iPhone 13 mini 128GB Starlight",
      "MLK63ZD/A": "iPhone 13 mini 256GB Starlight",
      "MLKC3ZD/A": "iPhone 13 mini 512GB Starlight",
      "MLK33ZD/A": "iPhone 13 mini 128GB Product Red",
      "MLK83ZD/A": "iPhone 13 mini 256GB Product Red",
      "MLKE3ZD/A": "iPhone 13 mini 512GB Product Red"
    },
    "regular13": {
      "MLPH3ZD/A": "iPhone 13 128GB Pink",
      "MLQ83ZD/A": "iPhone 13 256GB Pink",
      "MLQE3ZD/A": "iPhone 13 512GB Pink",
      "MLPK3ZD/A": "iPhone 13 128GB Blue",
      "MLQA3ZD/A": "iPhone 13 256GB Blue",
      "MLQG3ZD/A": "iPhone 13 512GB Blue",
      "MLPF3ZD/A": "iPhone 13 128GB Midnight",
      "MLQ63ZD/A": "iPhone 13 256GB Midnight",
      "MLQC3ZD/A": "iPhone 13 512GB Midnight",
      "MLPG3ZD/A": "iPhone 13 128GB Starlight",
      "MLQ73ZD/A": "iPhone 13 256GB Starlight",
      "MLQD3ZD/A": "iPhone 13 512GB Starlight",
      "MLPJ3ZD/A": "iPhone 13 128GB Product Red",
      "MLQ93ZD/A": "iPhone 13 256GB Product Red",
      "MLQF3ZD/A": "iPhone 13 512GB Product Red"
    }
  }
}
