{
    "us": {
        "regular13": {
            "MLN33LL/A": "iPhone 13 512GB Starlight",
            "MLMX3LL/A": "iPhone 13 256GB Starlight",
            "MLN23LL/A": "iPhone 13 512GB Midnight",
            "MLN83LL/A": "iPhone 13 512GB Blue",
            "MLMM3LL/A": "iPhone 13 128GB Starlight",
            "MLN13LL/A": "iPhone 13 256GB Blue",
            "MLMU3LL/A": "iPhone 13 256GB Midnight",
            "MLMQ3LL/A": "iPhone 13 128GB Product Red",
            "MLN43LL/A": "iPhone 13 512GB Pink",
            "MLN03LL/A": "iPhone 13 256GB Product Red",
            "MLMT3LL/A": "iPhone 13 128GB Blue",
            "MLN53LL/A": "iPhone 13 512GB Product Red",
            "MLMY3LL/A": "iPhone 13 256GB Pink",
            "MLML3LL/A": "iPhone 13 128GB Midnight",
            "MLMN3LL/A": "iPhone 13 128GB Pink",
            "MNGD3LL/A": "iPhone 13 128GB Green",
            "MNGE3LL/A": "iPhone 13 256GB Green",
            "MNGF3LL/A": "iPhone 13 512GB Green"
        },
        "mini13": {
            "MLJ13LL/A": "iPhone 13 mini 512GB Pink",
            "MLHY3LL/A": "iPhone 13 mini 512GB Midnight",
            "MLHX3LL/A": "iPhone 13 mini 256GB Blue",
            "MLHV3LL/A": "iPhone 13 mini 256GB Pink",
            "MLJ33LL/A": "iPhone 13 mini 512GB Blue",
            "MLJ03LL/A": "iPhone 13 mini 512GB Starlight",
            "MLHM3LL/A": "iPhone 13 mini 128GB Midnight",
            "MLHP3LL/A": "iPhone 13 mini 128GB Pink",
            "MLHQ3LL/A": "iPhone 13 mini 128GB Product Red",
            "MLHW3LL/A": "iPhone 13 mini 256GB Product Red",
            "MLHU3LL/A": "iPhone 13 mini 256GB Starlight",
            "MLHN3LL/A": "iPhone 13 mini 128GB Starlight",
            "MLHT3LL/A": "iPhone 13 mini 256GB Midnight",
            "MLHR3LL/A": "iPhone 13 mini 128GB Blue",
            "MLJ23LL/A": "iPhone 13 mini 512GB Product Red",
            "MNFA3LL/A": "iPhone 13 mini 512GB Green",
            "MNF93LL/A": "iPhone 13 mini 256GB Green",
            "MNF83LL/A": "iPhone 13 mini 128GB Green"
        },
        "pro13": {
            "MLTW3LL/A": "iPhone 13 Pro 256GB Graphite",
            "MLUC3LL/A": "iPhone 13 Pro 1TB Gold",
            "MLU03LL/A": "iPhone 13 Pro 256GB Sierra Blue",
            "MLTT3LL/A": "iPhone 13 Pro 128GB Sierra Blue",
            "MLUD3LL/A": "iPhone 13 Pro 1TB Sierra Blue",
            "MLU93LL/A": "iPhone 13 Pro 1TB Graphite",
            "MLU13LL/A": "iPhone 13 Pro 512GB Graphite",
            "MLTR3LL/A": "iPhone 13 Pro 128GB Gold",
            "MLTY3LL/A": "iPhone 13 Pro 256GB Gold",
            "MLTQ3LL/A": "iPhone 13 Pro 128GB Silver",
            "MLU73LL/A": "iPhone 13 Pro 512GB Sierra Blue",
            "MLTX3LL/A": "iPhone 13 Pro 256GB Silver",
            "MLUA3LL/A": "iPhone 13 Pro 1TB Silver",
            "MLU33LL/A": "iPhone 13 Pro 512GB Silver",
            "MLTP3LL/A": "iPhone 13 Pro 128GB Graphite",
            "MLU43LL/A": "iPhone 13 Pro 512GB Gold",
            "MNDT3LL/A": "iPhone 13 Pro 128GB Alpine Green",
            "MNDW3LL/A": "iPhone 13 Pro 1TB Alpine Green",
            "MNDU3LL/A": "iPhone 13 Pro 256GB Alpine Green",
            "MNDV3LL/A": "iPhone 13 Pro 512GB Alpine Green"
        },
        "proMax13": {
            "MLKY3LL/A": "iPhone 13 Pro Max 512GB Gold",
            "MLKP3LL/A": "iPhone 13 Pro Max 128GB Sierra Blue",
            "MLKN3LL/A": "iPhone 13 Pro Max 128GB Gold",
            "MLKL3LL/A": "iPhone 13 Pro Max 128GB Graphite",
            "MLKX3LL/A": "iPhone 13 Pro Max 512GB Silver",
            "MLL23LL/A": "iPhone 13 Pro Max 1TB Graphite",
            "MLKM3LL/A": "iPhone 13 Pro Max 128GB Silver",
            "MLKR3LL/A": "iPhone 13 Pro Max 256GB Graphite",
            "MLL03LL/A": "iPhone 13 Pro Max 512GB Sierra Blue",
            "MLKU3LL/A": "iPhone 13 Pro Max 256GB Gold",
            "MLKW3LL/A": "iPhone 13 Pro Max 512GB Graphite",
            "MLL43LL/A": "iPhone 13 Pro Max 1TB Gold",
            "MLL33LL/A": "iPhone 13 Pro Max 1TB Silver",
            "MLKV3LL/A": "iPhone 13 Pro Max 256GB Sierra Blue",
            "MLL53LL/A": "iPhone 13 Pro Max 1TB Sierra Blue",
            "MLKT3LL/A": "iPhone 13 Pro Max 256GB Silver",
            "MNCQ3LL/A": "iPhone 13 Pro Max 256GB Alpine Green",
            "MNCR3LL/A": "iPhone 13 Pro Max 512GB Alpine Green",
            "MNCT3LL/A": "iPhone 13 Pro Max 1TB Alpine Green",
            "MNCP3LL/A": "iPhone 13 Pro Max 128GB Alpine Green"
        }
    },
    "ca": {
        "regular13": {
            "MLNP3VC/A": "iPhone 13 512GB Starlight",
            "MLNM3VC/A": "iPhone 13 256GB Blue",
            "MLNG3VC/A": "iPhone 13 128GB Blue",
            "MLNR3VC/A": "iPhone 13 512GB Product Red",
            "MLNC3VC/A": "iPhone 13 128GB Midnight",
            "MLNJ3VC/A": "iPhone 13 256GB Starlight",
            "MLNK3VC/A": "iPhone 13 256GB Pink",
            "MLND3VC/A": "iPhone 13 128GB Starlight",
            "MLNT3VC/A": "iPhone 13 512GB Blue",
            "MLNE3VC/A": "iPhone 13 128GB Pink",
            "MLNL3VC/A": "iPhone 13 256GB Product Red",
            "MLNN3VC/A": "iPhone 13 512GB Midnight",
            "MLNQ3VC/A": "iPhone 13 512GB Pink",
            "MLNH3VC/A": "iPhone 13 256GB Midnight",
            "MLNF3VC/A": "iPhone 13 128GB Product Red",
            "MNGJ3VC/A": "iPhone 13 512GB Green",
            "MNGH3VC/A": "iPhone 13 256GB Green",
            "MNGG3VC/A": "iPhone 13 128GB Green"
        },
        "mini13": {
            "MLJW3VC/A": "iPhone 13 mini 512GB Product Red",
            "MLJJ3VC/A": "iPhone 13 mini 256GB Midnight",
            "MLJP3VC/A": "iPhone 13 mini 512GB Midnight",
            "MLJY3VC/A": "iPhone 13 mini 512GB Blue",
            "MLJC3VC/A": "iPhone 13 mini 128GB Midnight",
            "MLJK3VC/A": "iPhone 13 mini 256GB Starlight",
            "MLJH3VC/A": "iPhone 13 mini 128GB Blue",
            "MLJU3VC/A": "iPhone 13 mini 512GB Pink",
            "MLJE3VC/A": "iPhone 13 mini 128GB Starlight",
            "MLJM3VC/A": "iPhone 13 mini 256GB Product Red",
            "MLJG3VC/A": "iPhone 13 mini 128GB Product Red",
            "MLJN3VC/A": "iPhone 13 mini 256GB Blue",
            "MLJL3VC/A": "iPhone 13 mini 256GB Pink",
            "MLJF3VC/A": "iPhone 13 mini 128GB Pink",
            "MLJR3VC/A": "iPhone 13 mini 512GB Starlight",
            "MNFD3VC/A": "iPhone 13 mini 256GB Green",
            "MNFC3VC/A": "iPhone 13 mini 128GB Green",
            "MNFE3VC/A": "iPhone 13 mini 512GB Green"
        },
        "pro13": {
            "MLUH3VC/A": "iPhone 13 Pro 128GB Gold",
            "MLV43VC/A": "iPhone 13 Pro 1TB Gold",
            "MLUY3VC/A": "iPhone 13 Pro 512GB Gold",
            "MLUQ3VC/A": "iPhone 13 Pro 256GB Gold",
            "MLUN3VC/A": "iPhone 13 Pro 256GB Graphite",
            "MLUE3VC/A": "iPhone 13 Pro 128GB Graphite",
            "MLUV3VC/A": "iPhone 13 Pro 512GB Graphite",
            "MLUF3VC/A": "iPhone 13 Pro 128GB Silver",
            "MLUP3VC/A": "iPhone 13 Pro 256GB Silver",
            "MLUK3VC/A": "iPhone 13 Pro 128GB Sierra Blue",
            "MLV13VC/A": "iPhone 13 Pro 1TB Graphite",
            "MLV73VC/A": "iPhone 13 Pro 1TB Sierra Blue",
            "MLV33VC/A": "iPhone 13 Pro 1TB Silver",
            "MLUU3VC/A": "iPhone 13 Pro 256GB Sierra Blue",
            "MLUW3VC/A": "iPhone 13 Pro 512GB Silver",
            "MLV03VC/A": "iPhone 13 Pro 512GB Sierra Blue",
            "MNDY3VC/A": "iPhone 13 Pro 256GB Alpine Green",
            "MNE13VC/A": "iPhone 13 Pro 1TB Alpine Green",
            "MNE03VC/A": "iPhone 13 Pro 512GB Alpine Green",
            "MNDX3VC/A": "iPhone 13 Pro 128GB Alpine Green"
        },
        "proMax13": {
            "MLJQ3VC/A": "iPhone 13 Pro Max 512GB Graphite",
            "MLJ63VC/A": "iPhone 13 Pro Max 128GB Gold",
            "MLJ53VC/A": "iPhone 13 Pro Max 128GB Silver",
            "MLJ73VC/A": "iPhone 13 Pro Max 128GB Sierra Blue",
            "MLKG3VC/A": "iPhone 13 Pro Max 1TB Graphite",
            "MLJ43VC/A": "iPhone 13 Pro Max 128GB Graphite",
            "MLKH3VC/A": "iPhone 13 Pro Max 1TB Silver",
            "MLJA3VC/A": "iPhone 13 Pro Max 256GB Gold",
            "MLJV3VC/A": "iPhone 13 Pro Max 512GB Gold",
            "MLKJ3VC/A": "iPhone 13 Pro Max 1TB Gold",
            "MLJT3VC/A": "iPhone 13 Pro Max 512GB Silver",
            "MLJD3VC/A": "iPhone 13 Pro Max 256GB Sierra Blue",
            "MLKK3VC/A": "iPhone 13 Pro Max 1TB Sierra Blue",
            "MLJ83VC/A": "iPhone 13 Pro Max 256GB Graphite",
            "MLJX3VC/A": "iPhone 13 Pro Max 512GB Sierra Blue",
            "MLJ93VC/A": "iPhone 13 Pro Max 256GB Silver",
            "MNCU3VC/A": "iPhone 13 Pro Max 128GB Alpine Green",
            "MNCW3VC/A": "iPhone 13 Pro Max 512GB Alpine Green",
            "MNCV3VC/A": "iPhone 13 Pro Max 256GB Alpine Green",
            "MNCX3VC/A": "iPhone 13 Pro Max 1TB Alpine Green"
        }
    },
    "uk": {
        "regular13": {
            "MLPH3B/A": "iPhone 13 128GB Pink",
            "MLQC3B/A": "iPhone 13 512GB Midnight",
            "MLQF3B/A": "iPhone 13 512GB Product Red",
            "MLQ93B/A": "iPhone 13 256GB Product Red",
            "MLQA3B/A": "iPhone 13 256GB Blue",
            "MLQD3B/A": "iPhone 13 512GB Starlight",
            "MLPG3B/A": "iPhone 13 128GB Starlight",
            "MLPJ3B/A": "iPhone 13 128GB Product Red",
            "MLQ73B/A": "iPhone 13 256GB Starlight",
            "MLQE3B/A": "iPhone 13 512GB Pink",
            "MLQ83B/A": "iPhone 13 256GB Pink",
            "MLPF3B/A": "iPhone 13 128GB Midnight",
            "MLQG3B/A": "iPhone 13 512GB Blue",
            "MLPK3B/A": "iPhone 13 128GB Blue",
            "MLQ63B/A": "iPhone 13 256GB Midnight",
            "MNGM3B/A": "iPhone 13 512GB Green",
            "MNGK3B/A": "iPhone 13 128GB Green",
            "MNGL3B/A": "iPhone 13 256GB Green"
        },
        "mini13": {
            "MLK23B/A": "iPhone 13 mini 128GB Pink",
            "MLK33B/A": "iPhone 13 mini 128GB Product Red",
            "MLK13B/A": "iPhone 13 mini 128GB Starlight",
            "MLKD3B/A": "iPhone 13 mini 512GB Pink",
            "MLK63B/A": "iPhone 13 mini 256GB Starlight",
            "MLK73B/A": "iPhone 13 mini 256GB Pink",
            "MLKE3B/A": "iPhone 13 mini 512GB Product Red",
            "MLK93B/A": "iPhone 13 mini 256GB Blue",
            "MLK83B/A": "iPhone 13 mini 256GB Product Red",
            "MLK53B/A": "iPhone 13 mini 256GB Midnight",
            "MLKF3B/A": "iPhone 13 mini 512GB Blue",
            "MLKC3B/A": "iPhone 13 mini 512GB Starlight",
            "MLKA3B/A": "iPhone 13 mini 512GB Midnight",
            "MLK03B/A": "iPhone 13 mini 128GB Midnight",
            "MLK43B/A": "iPhone 13 mini 128GB Blue",
            "MNFH3B/A": "iPhone 13 mini 512GB Green",
            "MNFF3B/A": "iPhone 13 mini 128GB Green",
            "MNFG3B/A": "iPhone 13 mini 256GB Green"
        },
        "pro13": {
            "MLVU3B/A": "iPhone 13 Pro 512GB Sierra Blue",
            "MLVN3B/A": "iPhone 13 Pro 512GB Silver",
            "MLVW3B/A": "iPhone 13 Pro 1TB Silver",
            "MLVQ3B/A": "iPhone 13 Pro 512GB Gold",
            "MLVP3B/A": "iPhone 13 Pro 256GB Sierra Blue",
            "MLVC3B/A": "iPhone 13 Pro 128GB Gold",
            "MLV93B/A": "iPhone 13 Pro 128GB Graphite",
            "MLVV3B/A": "iPhone 13 Pro 1TB Graphite",
            "MLVH3B/A": "iPhone 13 Pro 512GB Graphite",
            "MLVA3B/A": "iPhone 13 Pro 128GB Silver",
            "MLVY3B/A": "iPhone 13 Pro 1TB Gold",
            "MLVE3B/A": "iPhone 13 Pro 256GB Graphite",
            "MLVK3B/A": "iPhone 13 Pro 256GB Gold",
            "MLW03B/A": "iPhone 13 Pro 1TB Sierra Blue",
            "MLVF3B/A": "iPhone 13 Pro 256GB Silver",
            "MLVD3B/A": "iPhone 13 Pro 128GB Sierra Blue",
            "MNE53B/A": "iPhone 13 Pro 1TB Alpine Green",
            "MNE23B/A": "iPhone 13 Pro 128GB Alpine Green",
            "MNE33B/A": "iPhone 13 Pro 256GB Alpine Green",
            "MNE43B/A": "iPhone 13 Pro 512GB Alpine Green"
        },
        "proMax13": {
            "MLLL3B/A": "iPhone 13 Pro Max 1TB Silver",
            "MLLH3B/A": "iPhone 13 Pro Max 512GB Gold",
            "MLLG3B/A": "iPhone 13 Pro Max 512GB Silver",
            "MLLE3B/A": "iPhone 13 Pro Max 256GB Sierra Blue",
            "MLL83B/A": "iPhone 13 Pro Max 128GB Gold",
            "MLLA3B/A": "iPhone 13 Pro Max 256GB Graphite",
            "MLLN3B/A": "iPhone 13 Pro Max 1TB Sierra Blue",
            "MLL93B/A": "iPhone 13 Pro Max 128GB Sierra Blue",
            "MLL63B/A": "iPhone 13 Pro Max 128GB Graphite",
            "MLL73B/A": "iPhone 13 Pro Max 128GB Silver",
            "MLLJ3B/A": "iPhone 13 Pro Max 512GB Sierra Blue",
            "MLLK3B/A": "iPhone 13 Pro Max 1TB Graphite",
            "MLLM3B/A": "iPhone 13 Pro Max 1TB Gold",
            "MLLD3B/A": "iPhone 13 Pro Max 256GB Gold",
            "MLLC3B/A": "iPhone 13 Pro Max 256GB Silver",
            "MLLF3B/A": "iPhone 13 Pro Max 512GB Graphite",
            "MND23B/A": "iPhone 13 Pro Max 1TB Alpine Green",
            "MND13B/A": "iPhone 13 Pro Max 512GB Alpine Green",
            "MNCY3B/A": "iPhone 13 Pro Max 128GB Alpine Green",
            "MND03B/A": "iPhone 13 Pro Max 256GB Alpine Green"
        }
    },
    "hk": {
        "regular13": {
            "MLDW3ZA/A": "iPhone 13 128GB Pink",
            "MLE73ZA/A": "iPhone 13 512GB Starlight",
            "MLDX3ZA/A": "iPhone 13 128GB Product Red",
            "MLE63ZA/A": "iPhone 13 512GB Midnight",
            "MLE33ZA/A": "iPhone 13 256GB Product Red",
            "MLEA3ZA/A": "iPhone 13 512GB Product Red",
            "MLE13ZA/A": "iPhone 13 256GB Starlight",
            "MLE93ZA/A": "iPhone 13 512GB Pink",
            "MLDU3ZA/A": "iPhone 13 128GB Midnight",
            "MLDV3ZA/A": "iPhone 13 128GB Starlight",
            "MLE03ZA/A": "iPhone 13 256GB Midnight",
            "MLDY3ZA/A": "iPhone 13 128GB Blue",
            "MLE43ZA/A": "iPhone 13 256GB Blue",
            "MLEC3ZA/A": "iPhone 13 512GB Blue",
            "MLE23ZA/A": "iPhone 13 256GB Pink",
            "MNGC3ZA/A": "iPhone 13 512GB Green",
            "MNG93ZA/A": "iPhone 13 128GB Green",
            "MNGA3ZA/A": "iPhone 13 256GB Green"
        },
        "mini13": {
            "MLK23ZA/A": "iPhone 13 mini 128GB Pink",
            "MLK33ZA/A": "iPhone 13 mini 128GB Product Red",
            "MLK13ZA/A": "iPhone 13 mini 128GB Starlight",
            "MLKD3ZA/A": "iPhone 13 mini 512GB Pink",
            "MLK63ZA/A": "iPhone 13 mini 256GB Starlight",
            "MLK73ZA/A": "iPhone 13 mini 256GB Pink",
            "MLKE3ZA/A": "iPhone 13 mini 512GB Product Red",
            "MLK93ZA/A": "iPhone 13 mini 256GB Blue",
            "MLK83ZA/A": "iPhone 13 mini 256GB Product Red",
            "MLK53ZA/A": "iPhone 13 mini 256GB Midnight",
            "MLKF3ZA/A": "iPhone 13 mini 512GB Blue",
            "MLKC3ZA/A": "iPhone 13 mini 512GB Starlight",
            "MLKA3ZA/A": "iPhone 13 mini 512GB Midnight",
            "MLK03ZA/A": "iPhone 13 mini 128GB Midnight",
            "MLK43ZA/A": "iPhone 13 mini 128GB Blue",
            "MNFH3ZA/A": "iPhone 13 mini 512GB Green",
            "MNFF3ZA/A": "iPhone 13 mini 128GB Green",
            "MNFG3ZA/A": "iPhone 13 mini 256GB Green"
        },
        "pro13": {
            "MLTJ3ZA/A": "iPhone 13 Pro 512GB Sierra Blue",
            "MLTD3ZA/A": "iPhone 13 Pro 256GB Gold",
            "MLTL3ZA/A": "iPhone 13 Pro 1TB Silver",
            "MLT83ZA/A": "iPhone 13 Pro 128GB Sierra Blue",
            "MLT63ZA/A": "iPhone 13 Pro 128GB Silver",
            "MLTF3ZA/A": "iPhone 13 Pro 512GB Graphite",
            "MLT93ZA/A": "iPhone 13 Pro 256GB Graphite",
            "MLTE3ZA/A": "iPhone 13 Pro 256GB Sierra Blue",
            "MLT73ZA/A": "iPhone 13 Pro 128GB Gold",
            "MLT53ZA/A": "iPhone 13 Pro 128GB Graphite",
            "MLTM3ZA/A": "iPhone 13 Pro 1TB Gold",
            "MLTG3ZA/A": "iPhone 13 Pro 512GB Silver",
            "MLTN3ZA/A": "iPhone 13 Pro 1TB Sierra Blue",
            "MLTK3ZA/A": "iPhone 13 Pro 1TB Graphite",
            "MLTH3ZA/A": "iPhone 13 Pro 512GB Gold",
            "MLTC3ZA/A": "iPhone 13 Pro 256GB Silver",
            "MNDQ3ZA/A": "iPhone 13 Pro 512GB Alpine Green",
            "MNDP3ZA/A": "iPhone 13 Pro 256GB Alpine Green",
            "MNDN3ZA/A": "iPhone 13 Pro 128GB Alpine Green",
            "MNDR3ZA/A": "iPhone 13 Pro 1TB Alpine Green"
        },
        "proMax13": {
            "MLHK3ZA/A": "iPhone 13 Pro Max 1TB Gold",
            "MLH63ZA/A": "iPhone 13 Pro Max 128GB Gold",
            "MLH73ZA/A": "iPhone 13 Pro Max 128GB Sierra Blue",
            "MLH53ZA/A": "iPhone 13 Pro Max 128GB Silver",
            "MLHF3ZA/A": "iPhone 13 Pro Max 512GB Gold",
            "MLHG3ZA/A": "iPhone 13 Pro Max 512GB Sierra Blue",
            "MLHH3ZA/A": "iPhone 13 Pro Max 1TB Graphite",
            "MLHE3ZA/A": "iPhone 13 Pro Max 512GB Silver",
            "MLHL3ZA/A": "iPhone 13 Pro Max 1TB Sierra Blue",
            "MLH93ZA/A": "iPhone 13 Pro Max 256GB Silver",
            "MLHJ3ZA/A": "iPhone 13 Pro Max 1TB Silver",
            "MLHC3ZA/A": "iPhone 13 Pro Max 256GB Sierra Blue",
            "MLH83ZA/A": "iPhone 13 Pro Max 256GB Graphite",
            "MLH43ZA/A": "iPhone 13 Pro Max 128GB Graphite",
            "MLHA3ZA/A": "iPhone 13 Pro Max 256GB Gold",
            "MLHD3ZA/A": "iPhone 13 Pro Max 512GB Graphite",
            "MNCL3ZA/A": "iPhone 13 Pro Max 256GB Alpine Green",
            "MNCM3ZA/A": "iPhone 13 Pro Max 512GB Alpine Green",
            "MNCK3ZA/A": "iPhone 13 Pro Max 128GB Alpine Green",
            "MNCN3ZA/A": "iPhone 13 Pro Max 1TB Alpine Green"
        }
    },
    "au": {
        "regular13": {
            "MLPH3X/A": "iPhone 13 128GB Pink",
            "MLQC3X/A": "iPhone 13 512GB Midnight",
            "MLQF3X/A": "iPhone 13 512GB Product Red",
            "MLQ93X/A": "iPhone 13 256GB Product Red",
            "MLQA3X/A": "iPhone 13 256GB Blue",
            "MLQD3X/A": "iPhone 13 512GB Starlight",
            "MLPG3X/A": "iPhone 13 128GB Starlight",
            "MLPJ3X/A": "iPhone 13 128GB Product Red",
            "MLQ73X/A": "iPhone 13 256GB Starlight",
            "MLQE3X/A": "iPhone 13 512GB Pink",
            "MLQ83X/A": "iPhone 13 256GB Pink",
            "MLPF3X/A": "iPhone 13 128GB Midnight",
            "MLQG3X/A": "iPhone 13 512GB Blue",
            "MLPK3X/A": "iPhone 13 128GB Blue",
            "MLQ63X/A": "iPhone 13 256GB Midnight",
            "MNGM3X/A": "iPhone 13 512GB Green",
            "MNGK3X/A": "iPhone 13 128GB Green",
            "MNGL3X/A": "iPhone 13 256GB Green"
        },
        "mini13": {
            "MLK23X/A": "iPhone 13 mini 128GB Pink",
            "MLK33X/A": "iPhone 13 mini 128GB Product Red",
            "MLK13X/A": "iPhone 13 mini 128GB Starlight",
            "MLKD3X/A": "iPhone 13 mini 512GB Pink",
            "MLK63X/A": "iPhone 13 mini 256GB Starlight",
            "MLK73X/A": "iPhone 13 mini 256GB Pink",
            "MLKE3X/A": "iPhone 13 mini 512GB Product Red",
            "MLK93X/A": "iPhone 13 mini 256GB Blue",
            "MLK83X/A": "iPhone 13 mini 256GB Product Red",
            "MLK53X/A": "iPhone 13 mini 256GB Midnight",
            "MLKF3X/A": "iPhone 13 mini 512GB Blue",
            "MLKC3X/A": "iPhone 13 mini 512GB Starlight",
            "MLKA3X/A": "iPhone 13 mini 512GB Midnight",
            "MLK03X/A": "iPhone 13 mini 128GB Midnight",
            "MLK43X/A": "iPhone 13 mini 128GB Blue",
            "MNFH3X/A": "iPhone 13 mini 512GB Green",
            "MNFF3X/A": "iPhone 13 mini 128GB Green",
            "MNFG3X/A": "iPhone 13 mini 256GB Green"
        },
        "pro13": {
            "MLVU3X/A": "iPhone 13 Pro 512GB Sierra Blue",
            "MLVN3X/A": "iPhone 13 Pro 512GB Silver",
            "MLVW3X/A": "iPhone 13 Pro 1TB Silver",
            "MLVQ3X/A": "iPhone 13 Pro 512GB Gold",
            "MLVP3X/A": "iPhone 13 Pro 256GB Sierra Blue",
            "MLVC3X/A": "iPhone 13 Pro 128GB Gold",
            "MLV93X/A": "iPhone 13 Pro 128GB Graphite",
            "MLVV3X/A": "iPhone 13 Pro 1TB Graphite",
            "MLVH3X/A": "iPhone 13 Pro 512GB Graphite",
            "MLVA3X/A": "iPhone 13 Pro 128GB Silver",
            "MLVY3X/A": "iPhone 13 Pro 1TB Gold",
            "MLVE3X/A": "iPhone 13 Pro 256GB Graphite",
            "MLVK3X/A": "iPhone 13 Pro 256GB Gold",
            "MLW03X/A": "iPhone 13 Pro 1TB Sierra Blue",
            "MLVF3X/A": "iPhone 13 Pro 256GB Silver",
            "MLVD3X/A": "iPhone 13 Pro 128GB Sierra Blue",
            "MNE53X/A": "iPhone 13 Pro 1TB Alpine Green",
            "MNE23X/A": "iPhone 13 Pro 128GB Alpine Green",
            "MNE33X/A": "iPhone 13 Pro 256GB Alpine Green",
            "MNE43X/A": "iPhone 13 Pro 512GB Alpine Green"
        },
        "proMax13": {
            "MLLL3X/A": "iPhone 13 Pro Max 1TB Silver",
            "MLLH3X/A": "iPhone 13 Pro Max 512GB Gold",
            "MLLG3X/A": "iPhone 13 Pro Max 512GB Silver",
            "MLLE3X/A": "iPhone 13 Pro Max 256GB Sierra Blue",
            "MLL83X/A": "iPhone 13 Pro Max 128GB Gold",
            "MLLA3X/A": "iPhone 13 Pro Max 256GB Graphite",
            "MLLN3X/A": "iPhone 13 Pro Max 1TB Sierra Blue",
            "MLL93X/A": "iPhone 13 Pro Max 128GB Sierra Blue",
            "MLL63X/A": "iPhone 13 Pro Max 128GB Graphite",
            "MLL73X/A": "iPhone 13 Pro Max 128GB Silver",
            "MLLJ3X/A": "iPhone 13 Pro Max 512GB Sierra Blue",
            "MLLK3X/A": "iPhone 13 Pro Max 1TB Graphite",
            "MLLM3X/A": "iPhone 13 Pro Max 1TB Gold",
            "MLLD3X/A": "iPhone 13 Pro Max 256GB Gold",
            "MLLC3X/A": "iPhone 13 Pro Max 256GB Silver",
            "MLLF3X/A": "iPhone 13 Pro Max 512GB Graphite",
            "MND23X/A": "iPhone 13 Pro Max 1TB Alpine Green",
            "MND13X/A": "iPhone 13 Pro Max 512GB Alpine Green",
            "MNCY3X/A": "iPhone 13 Pro Max 128GB Alpine Green",
            "MND03X/A": "iPhone 13 Pro Max 256GB Alpine Green"
        }
    },
    "kr": {
        "regular13": {
            "MLPH3KH/A": "iPhone 13 128GB Pink",
            "MLQC3KH/A": "iPhone 13 512GB Midnight",
            "MLQF3KH/A": "iPhone 13 512GB Product Red",
            "MLQ93KH/A": "iPhone 13 256GB Product Red",
            "MLQA3KH/A": "iPhone 13 256GB Blue",
            "MLQD3KH/A": "iPhone 13 512GB Starlight",
            "MLPG3KH/A": "iPhone 13 128GB Starlight",
            "MLPJ3KH/A": "iPhone 13 128GB Product Red",
            "MLQ73KH/A": "iPhone 13 256GB Starlight",
            "MLQE3KH/A": "iPhone 13 512GB Pink",
            "MLQ83KH/A": "iPhone 13 256GB Pink",
            "MLPF3KH/A": "iPhone 13 128GB Midnight",
            "MLQG3KH/A": "iPhone 13 512GB Blue",
            "MLPK3KH/A": "iPhone 13 128GB Blue",
            "MLQ63KH/A": "iPhone 13 256GB Midnight",
            "MNGM3KH/A": "iPhone 13 512GB Green",
            "MNGK3KH/A": "iPhone 13 128GB Green",
            "MNGL3KH/A": "iPhone 13 256GB Green"
        },
        "mini13": {
            "MLK23KH/A": "iPhone 13 mini 128GB Pink",
            "MLK33KH/A": "iPhone 13 mini 128GB Product Red",
            "MLK13KH/A": "iPhone 13 mini 128GB Starlight",
            "MLKD3KH/A": "iPhone 13 mini 512GB Pink",
            "MLK63KH/A": "iPhone 13 mini 256GB Starlight",
            "MLK73KH/A": "iPhone 13 mini 256GB Pink",
            "MLKE3KH/A": "iPhone 13 mini 512GB Product Red",
            "MLK93KH/A": "iPhone 13 mini 256GB Blue",
            "MLK83KH/A": "iPhone 13 mini 256GB Product Red",
            "MLK53KH/A": "iPhone 13 mini 256GB Midnight",
            "MLKF3KH/A": "iPhone 13 mini 512GB Blue",
            "MLKC3KH/A": "iPhone 13 mini 512GB Starlight",
            "MLKA3KH/A": "iPhone 13 mini 512GB Midnight",
            "MLK03KH/A": "iPhone 13 mini 128GB Midnight",
            "MLK43KH/A": "iPhone 13 mini 128GB Blue",
            "MNFH3KH/A": "iPhone 13 mini 512GB Green",
            "MNFF3KH/A": "iPhone 13 mini 128GB Green",
            "MNFG3KH/A": "iPhone 13 mini 256GB Green"
        },
        "pro13": {
            "MLVU3KH/A": "iPhone 13 Pro 512GB Sierra Blue",
            "MLVN3KH/A": "iPhone 13 Pro 512GB Silver",
            "MLVW3KH/A": "iPhone 13 Pro 1TB Silver",
            "MLVQ3KH/A": "iPhone 13 Pro 512GB Gold",
            "MLVP3KH/A": "iPhone 13 Pro 256GB Sierra Blue",
            "MLVC3KH/A": "iPhone 13 Pro 128GB Gold",
            "MLV93KH/A": "iPhone 13 Pro 128GB Graphite",
            "MLVV3KH/A": "iPhone 13 Pro 1TB Graphite",
            "MLVH3KH/A": "iPhone 13 Pro 512GB Graphite",
            "MLVA3KH/A": "iPhone 13 Pro 128GB Silver",
            "MLVY3KH/A": "iPhone 13 Pro 1TB Gold",
            "MLVE3KH/A": "iPhone 13 Pro 256GB Graphite",
            "MLVK3KH/A": "iPhone 13 Pro 256GB Gold",
            "MLW03KH/A": "iPhone 13 Pro 1TB Sierra Blue",
            "MLVF3KH/A": "iPhone 13 Pro 256GB Silver",
            "MLVD3KH/A": "iPhone 13 Pro 128GB Sierra Blue",
            "MNE53KH/A": "iPhone 13 Pro 1TB Alpine Green",
            "MNE23KH/A": "iPhone 13 Pro 128GB Alpine Green",
            "MNE33KH/A": "iPhone 13 Pro 256GB Alpine Green",
            "MNE43KH/A": "iPhone 13 Pro 512GB Alpine Green"
        },
        "proMax13": {
            "MLLL3KH/A": "iPhone 13 Pro Max 1TB Silver",
            "MLLH3KH/A": "iPhone 13 Pro Max 512GB Gold",
            "MLLG3KH/A": "iPhone 13 Pro Max 512GB Silver",
            "MLLE3KH/A": "iPhone 13 Pro Max 256GB Sierra Blue",
            "MLL83KH/A": "iPhone 13 Pro Max 128GB Gold",
            "MLLA3KH/A": "iPhone 13 Pro Max 256GB Graphite",
            "MLLN3KH/A": "iPhone 13 Pro Max 1TB Sierra Blue",
            "MLL93KH/A": "iPhone 13 Pro Max 128GB Sierra Blue",
            "MLL63KH/A": "iPhone 13 Pro Max 128GB Graphite",
            "MLL73KH/A": "iPhone 13 Pro Max 128GB Silver",
            "MLLJ3KH/A": "iPhone 13 Pro Max 512GB Sierra Blue",
            "MLLK3KH/A": "iPhone 13 Pro Max 1TB Graphite",
            "MLLM3KH/A": "iPhone 13 Pro Max 1TB Gold",
            "MLLD3KH/A": "iPhone 13 Pro Max 256GB Gold",
            "MLLC3KH/A": "iPhone 13 Pro Max 256GB Silver",
            "MLLF3KH/A": "iPhone 13 Pro Max 512GB Graphite",
            "MND23KH/A": "iPhone 13 Pro Max 1TB Alpine Green",
            "MND13KH/A": "iPhone 13 Pro Max 512GB Alpine Green",
            "MNCY3KH/A": "iPhone 13 Pro Max 128GB Alpine Green",
            "MND03KH/A": "iPhone 13 Pro Max 256GB Alpine Green"
        }
    },
    "de": {
        "regular13": {
            "MLPH3ZD/A": "iPhone 13 128GB Pink",
            "MLQC3ZD/A": "iPhone 13 512GB Midnight",
            "MLQF3ZD/A": "iPhone 13 512GB Product Red",
            "MLQ93ZD/A": "iPhone 13 256GB Product Red",
            "MLQA3ZD/A": "iPhone 13 256GB Blue",
            "MLQD3ZD/A": "iPhone 13 512GB Starlight",
            "MLPG3ZD/A": "iPhone 13 128GB Starlight",
            "MLPJ3ZD/A": "iPhone 13 128GB Product Red",
            "MLQ73ZD/A": "iPhone 13 256GB Starlight",
            "MLQE3ZD/A": "iPhone 13 512GB Pink",
            "MLQ83ZD/A": "iPhone 13 256GB Pink",
            "MLPF3ZD/A": "iPhone 13 128GB Midnight",
            "MLQG3ZD/A": "iPhone 13 512GB Blue",
            "MLPK3ZD/A": "iPhone 13 128GB Blue",
            "MLQ63ZD/A": "iPhone 13 256GB Midnight",
            "MNGM3ZD/A": "iPhone 13 512GB Green",
            "MNGK3ZD/A": "iPhone 13 128GB Green",
            "MNGL3ZD/A": "iPhone 13 256GB Green"
        },
        "mini13": {
            "MLK23ZD/A": "iPhone 13 mini 128GB Pink",
            "MLK33ZD/A": "iPhone 13 mini 128GB Product Red",
            "MLK13ZD/A": "iPhone 13 mini 128GB Starlight",
            "MLKD3ZD/A": "iPhone 13 mini 512GB Pink",
            "MLK63ZD/A": "iPhone 13 mini 256GB Starlight",
            "MLK73ZD/A": "iPhone 13 mini 256GB Pink",
            "MLKE3ZD/A": "iPhone 13 mini 512GB Product Red",
            "MLK93ZD/A": "iPhone 13 mini 256GB Blue",
            "MLK83ZD/A": "iPhone 13 mini 256GB Product Red",
            "MLK53ZD/A": "iPhone 13 mini 256GB Midnight",
            "MLKF3ZD/A": "iPhone 13 mini 512GB Blue",
            "MLKC3ZD/A": "iPhone 13 mini 512GB Starlight",
            "MLKA3ZD/A": "iPhone 13 mini 512GB Midnight",
            "MLK03ZD/A": "iPhone 13 mini 128GB Midnight",
            "MLK43ZD/A": "iPhone 13 mini 128GB Blue",
            "MNFH3ZD/A": "iPhone 13 mini 512GB Green",
            "MNFF3ZD/A": "iPhone 13 mini 128GB Green",
            "MNFG3ZD/A": "iPhone 13 mini 256GB Green"
        },
        "pro13": {
            "MLVU3ZD/A": "iPhone 13 Pro 512GB Sierra Blue",
            "MLVN3ZD/A": "iPhone 13 Pro 512GB Silver",
            "MLVW3ZD/A": "iPhone 13 Pro 1TB Silver",
            "MLVQ3ZD/A": "iPhone 13 Pro 512GB Gold",
            "MLVP3ZD/A": "iPhone 13 Pro 256GB Sierra Blue",
            "MLVC3ZD/A": "iPhone 13 Pro 128GB Gold",
            "MLV93ZD/A": "iPhone 13 Pro 128GB Graphite",
            "MLVV3ZD/A": "iPhone 13 Pro 1TB Graphite",
            "MLVH3ZD/A": "iPhone 13 Pro 512GB Graphite",
            "MLVA3ZD/A": "iPhone 13 Pro 128GB Silver",
            "MLVY3ZD/A": "iPhone 13 Pro 1TB Gold",
            "MLVE3ZD/A": "iPhone 13 Pro 256GB Graphite",
            "MLVK3ZD/A": "iPhone 13 Pro 256GB Gold",
            "MLW03ZD/A": "iPhone 13 Pro 1TB Sierra Blue",
            "MLVF3ZD/A": "iPhone 13 Pro 256GB Silver",
            "MLVD3ZD/A": "iPhone 13 Pro 128GB Sierra Blue",
            "MNE53ZD/A": "iPhone 13 Pro 1TB Alpine Green",
            "MNE23ZD/A": "iPhone 13 Pro 128GB Alpine Green",
            "MNE33ZD/A": "iPhone 13 Pro 256GB Alpine Green",
            "MNE43ZD/A": "iPhone 13 Pro 512GB Alpine Green"
        },
        "proMax13": {
            "MLLL3ZD/A": "iPhone 13 Pro Max 1TB Silver",
            "MLLH3ZD/A": "iPhone 13 Pro Max 512GB Gold",
            "MLLG3ZD/A": "iPhone 13 Pro Max 512GB Silver",
            "MLLE3ZD/A": "iPhone 13 Pro Max 256GB Sierra Blue",
            "MLL83ZD/A": "iPhone 13 Pro Max 128GB Gold",
            "MLLA3ZD/A": "iPhone 13 Pro Max 256GB Graphite",
            "MLLN3ZD/A": "iPhone 13 Pro Max 1TB Sierra Blue",
            "MLL93ZD/A": "iPhone 13 Pro Max 128GB Sierra Blue",
            "MLL63ZD/A": "iPhone 13 Pro Max 128GB Graphite",
            "MLL73ZD/A": "iPhone 13 Pro Max 128GB Silver",
            "MLLJ3ZD/A": "iPhone 13 Pro Max 512GB Sierra Blue",
            "MLLK3ZD/A": "iPhone 13 Pro Max 1TB Graphite",
            "MLLM3ZD/A": "iPhone 13 Pro Max 1TB Gold",
            "MLLD3ZD/A": "iPhone 13 Pro Max 256GB Gold",
            "MLLC3ZD/A": "iPhone 13 Pro Max 256GB Silver",
            "MLLF3ZD/A": "iPhone 13 Pro Max 512GB Graphite",
            "MND23ZD/A": "iPhone 13 Pro Max 1TB Alpine Green",
            "MND13ZD/A": "iPhone 13 Pro Max 512GB Alpine Green",
            "MNCY3ZD/A": "iPhone 13 Pro Max 128GB Alpine Green",
            "MND03ZD/A": "iPhone 13 Pro Max 256GB Alpine Green"
        }
    },
    "fr": {
        "pro13": {
            "MLVU3ZD/A": "iPhone 13 Pro 512GB Sierra Blue",
            "MLVN3ZD/A": "iPhone 13 Pro 512GB Silver",
            "MLVW3ZD/A": "iPhone 13 Pro 1TB Silver",
            "MLVQ3ZD/A": "iPhone 13 Pro 512GB Gold",
            "MLVP3ZD/A": "iPhone 13 Pro 256GB Sierra Blue",
            "MLVC3ZD/A": "iPhone 13 Pro 128GB Gold",
            "MLV93ZD/A": "iPhone 13 Pro 128GB Graphite",
            "MLVV3ZD/A": "iPhone 13 Pro 1TB Graphite",
            "MLVH3ZD/A": "iPhone 13 Pro 512GB Graphite",
            "MLVA3ZD/A": "iPhone 13 Pro 128GB Silver",
            "MLVY3ZD/A": "iPhone 13 Pro 1TB Gold",
            "MLVE3ZD/A": "iPhone 13 Pro 256GB Graphite",
            "MLVK3ZD/A": "iPhone 13 Pro 256GB Gold",
            "MLW03ZD/A": "iPhone 13 Pro 1TB Sierra Blue",
            "MLVF3ZD/A": "iPhone 13 Pro 256GB Silver",
            "MLVD3ZD/A": "iPhone 13 Pro 128GB Sierra Blue",
            "MNE53ZD/A": "iPhone 13 Pro 1TB Alpine Green",
            "MNE23ZD/A": "iPhone 13 Pro 128GB Alpine Green",
            "MNE33ZD/A": "iPhone 13 Pro 256GB Alpine Green",
            "MNE43ZD/A": "iPhone 13 Pro 512GB Alpine Green"
        },
        "proMax13": {
            "MLLL3ZD/A": "iPhone 13 Pro Max 1TB Silver",
            "MLLH3ZD/A": "iPhone 13 Pro Max 512GB Gold",
            "MLLG3ZD/A": "iPhone 13 Pro Max 512GB Silver",
            "MLLE3ZD/A": "iPhone 13 Pro Max 256GB Sierra Blue",
            "MLL83ZD/A": "iPhone 13 Pro Max 128GB Gold",
            "MLLA3ZD/A": "iPhone 13 Pro Max 256GB Graphite",
            "MLLN3ZD/A": "iPhone 13 Pro Max 1TB Sierra Blue",
            "MLL93ZD/A": "iPhone 13 Pro Max 128GB Sierra Blue",
            "MLL63ZD/A": "iPhone 13 Pro Max 128GB Graphite",
            "MLL73ZD/A": "iPhone 13 Pro Max 128GB Silver",
            "MLLJ3ZD/A": "iPhone 13 Pro Max 512GB Sierra Blue",
            "MLLK3ZD/A": "iPhone 13 Pro Max 1TB Graphite",
            "MLLM3ZD/A": "iPhone 13 Pro Max 1TB Gold",
            "MLLD3ZD/A": "iPhone 13 Pro Max 256GB Gold",
            "MLLC3ZD/A": "iPhone 13 Pro Max 256GB Silver",
            "MLLF3ZD/A": "iPhone 13 Pro Max 512GB Graphite",
            "MND23ZD/A": "iPhone 13 Pro Max 1TB Alpine Green",
            "MND13ZD/A": "iPhone 13 Pro Max 512GB Alpine Green",
            "MNCY3ZD/A": "iPhone 13 Pro Max 128GB Alpine Green",
            "MND03ZD/A": "iPhone 13 Pro Max 256GB Alpine Green"
        },
        "mini13": {
            "MLK23ZD/A": "iPhone 13 mini 128GB Pink",
            "MLK33ZD/A": "iPhone 13 mini 128GB Product Red",
            "MLK13ZD/A": "iPhone 13 mini 128GB Starlight",
            "MLKD3ZD/A": "iPhone 13 mini 512GB Pink",
            "MLK63ZD/A": "iPhone 13 mini 256GB Starlight",
            "MLK73ZD/A": "iPhone 13 mini 256GB Pink",
            "MLKE3ZD/A": "iPhone 13 mini 512GB Product Red",
            "MLK93ZD/A": "iPhone 13 mini 256GB Blue",
            "MLK83ZD/A": "iPhone 13 mini 256GB Product Red",
            "MLK53ZD/A": "iPhone 13 mini 256GB Midnight",
            "MLKF3ZD/A": "iPhone 13 mini 512GB Blue",
            "MLKC3ZD/A": "iPhone 13 mini 512GB Starlight",
            "MLKA3ZD/A": "iPhone 13 mini 512GB Midnight",
            "MLK03ZD/A": "iPhone 13 mini 128GB Midnight",
            "MLK43ZD/A": "iPhone 13 mini 128GB Blue",
            "MNFH3ZD/A": "iPhone 13 mini 512GB Green",
            "MNFF3ZD/A": "iPhone 13 mini 128GB Green",
            "MNFG3ZD/A": "iPhone 13 mini 256GB Green"
        },
        "regular13": {
            "MLPH3ZD/A": "iPhone 13 128GB Pink",
            "MLQC3ZD/A": "iPhone 13 512GB Midnight",
            "MLQF3ZD/A": "iPhone 13 512GB Product Red",
            "MLQ93ZD/A": "iPhone 13 256GB Product Red",
            "MLQA3ZD/A": "iPhone 13 256GB Blue",
            "MLQD3ZD/A": "iPhone 13 512GB Starlight",
            "MLPG3ZD/A": "iPhone 13 128GB Starlight",
            "MLPJ3ZD/A": "iPhone 13 128GB Product Red",
            "MLQ73ZD/A": "iPhone 13 256GB Starlight",
            "MLQE3ZD/A": "iPhone 13 512GB Pink",
            "MLQ83ZD/A": "iPhone 13 256GB Pink",
            "MLPF3ZD/A": "iPhone 13 128GB Midnight",
            "MLQG3ZD/A": "iPhone 13 512GB Blue",
            "MLPK3ZD/A": "iPhone 13 128GB Blue",
            "MLQ63ZD/A": "iPhone 13 256GB Midnight",
            "MNGM3ZD/A": "iPhone 13 512GB Green",
            "MNGK3ZD/A": "iPhone 13 128GB Green",
            "MNGL3ZD/A": "iPhone 13 256GB Green"
        }
    },
    "it": {
        "regular13": {
            "MLPH3QL/A": "iPhone 13 128GB Pink",
            "MLQC3QL/A": "iPhone 13 512GB Midnight",
            "MLQF3QL/A": "iPhone 13 512GB Product Red",
            "MLQ93QL/A": "iPhone 13 256GB Product Red",
            "MLQA3QL/A": "iPhone 13 256GB Blue",
            "MLQD3QL/A": "iPhone 13 512GB Starlight",
            "MLPG3QL/A": "iPhone 13 128GB Starlight",
            "MLPJ3QL/A": "iPhone 13 128GB Product Red",
            "MLQ73QL/A": "iPhone 13 256GB Starlight",
            "MLQE3QL/A": "iPhone 13 512GB Pink",
            "MLQ83QL/A": "iPhone 13 256GB Pink",
            "MLPF3QL/A": "iPhone 13 128GB Midnight",
            "MLQG3QL/A": "iPhone 13 512GB Blue",
            "MLPK3QL/A": "iPhone 13 128GB Blue",
            "MLQ63QL/A": "iPhone 13 256GB Midnight",
            "MNGM3QL/A": "iPhone 13 512GB Green",
            "MNGK3QL/A": "iPhone 13 128GB Green",
            "MNGL3QL/A": "iPhone 13 256GB Green"
        },
        "mini13": {
            "MLK23QL/A": "iPhone 13 mini 128GB Pink",
            "MLK33QL/A": "iPhone 13 mini 128GB Product Red",
            "MLK13QL/A": "iPhone 13 mini 128GB Starlight",
            "MLKD3QL/A": "iPhone 13 mini 512GB Pink",
            "MLK63QL/A": "iPhone 13 mini 256GB Starlight",
            "MLK73QL/A": "iPhone 13 mini 256GB Pink",
            "MLKE3QL/A": "iPhone 13 mini 512GB Product Red",
            "MLK93QL/A": "iPhone 13 mini 256GB Blue",
            "MLK83QL/A": "iPhone 13 mini 256GB Product Red",
            "MLK53QL/A": "iPhone 13 mini 256GB Midnight",
            "MLKF3QL/A": "iPhone 13 mini 512GB Blue",
            "MLKC3QL/A": "iPhone 13 mini 512GB Starlight",
            "MLKA3QL/A": "iPhone 13 mini 512GB Midnight",
            "MLK03QL/A": "iPhone 13 mini 128GB Midnight",
            "MLK43QL/A": "iPhone 13 mini 128GB Blue",
            "MNFH3QL/A": "iPhone 13 mini 512GB Green",
            "MNFF3QL/A": "iPhone 13 mini 128GB Green",
            "MNFG3QL/A": "iPhone 13 mini 256GB Green"
        },
        "pro13": {
            "MLVU3QL/A": "iPhone 13 Pro 512GB Sierra Blue",
            "MLVN3QL/A": "iPhone 13 Pro 512GB Silver",
            "MLVW3QL/A": "iPhone 13 Pro 1TB Silver",
            "MLVQ3QL/A": "iPhone 13 Pro 512GB Gold",
            "MLVP3QL/A": "iPhone 13 Pro 256GB Sierra Blue",
            "MLVC3QL/A": "iPhone 13 Pro 128GB Gold",
            "MLV93QL/A": "iPhone 13 Pro 128GB Graphite",
            "MLVV3QL/A": "iPhone 13 Pro 1TB Graphite",
            "MLVH3QL/A": "iPhone 13 Pro 512GB Graphite",
            "MLVA3QL/A": "iPhone 13 Pro 128GB Silver",
            "MLVY3QL/A": "iPhone 13 Pro 1TB Gold",
            "MLVE3QL/A": "iPhone 13 Pro 256GB Graphite",
            "MLVK3QL/A": "iPhone 13 Pro 256GB Gold",
            "MLW03QL/A": "iPhone 13 Pro 1TB Sierra Blue",
            "MLVF3QL/A": "iPhone 13 Pro 256GB Silver",
            "MLVD3QL/A": "iPhone 13 Pro 128GB Sierra Blue",
            "MNE53QL/A": "iPhone 13 Pro 1TB Alpine Green",
            "MNE23QL/A": "iPhone 13 Pro 128GB Alpine Green",
            "MNE33QL/A": "iPhone 13 Pro 256GB Alpine Green",
            "MNE43QL/A": "iPhone 13 Pro 512GB Alpine Green"
        },
        "proMax13": {
            "MLLL3QL/A": "iPhone 13 Pro Max 1TB Silver",
            "MLLH3QL/A": "iPhone 13 Pro Max 512GB Gold",
            "MLLG3QL/A": "iPhone 13 Pro Max 512GB Silver",
            "MLLE3QL/A": "iPhone 13 Pro Max 256GB Sierra Blue",
            "MLL83QL/A": "iPhone 13 Pro Max 128GB Gold",
            "MLLA3QL/A": "iPhone 13 Pro Max 256GB Graphite",
            "MLLN3QL/A": "iPhone 13 Pro Max 1TB Sierra Blue",
            "MLL93QL/A": "iPhone 13 Pro Max 128GB Sierra Blue",
            "MLL63QL/A": "iPhone 13 Pro Max 128GB Graphite",
            "MLL73QL/A": "iPhone 13 Pro Max 128GB Silver",
            "MLLJ3QL/A": "iPhone 13 Pro Max 512GB Sierra Blue",
            "MLLK3QL/A": "iPhone 13 Pro Max 1TB Graphite",
            "MLLM3QL/A": "iPhone 13 Pro Max 1TB Gold",
            "MLLD3QL/A": "iPhone 13 Pro Max 256GB Gold",
            "MLLC3QL/A": "iPhone 13 Pro Max 256GB Silver",
            "MLLF3QL/A": "iPhone 13 Pro Max 512GB Graphite",
            "MND23QL/A": "iPhone 13 Pro Max 1TB Alpine Green",
            "MND13QL/A": "iPhone 13 Pro Max 512GB Alpine Green",
            "MNCY3QL/A": "iPhone 13 Pro Max 128GB Alpine Green",
            "MND03QL/A": "iPhone 13 Pro Max 256GB Alpine Green"
        }
    },
    "jp": {
        "regular13": {
            "MLNP3J/A": "iPhone 13 512GB Starlight",
            "MLNM3J/A": "iPhone 13 256GB Blue",
            "MLNG3J/A": "iPhone 13 128GB Blue",
            "MLNR3J/A": "iPhone 13 512GB Product Red",
            "MLNC3J/A": "iPhone 13 128GB Midnight",
            "MLNJ3J/A": "iPhone 13 256GB Starlight",
            "MLNK3J/A": "iPhone 13 256GB Pink",
            "MLND3J/A": "iPhone 13 128GB Starlight",
            "MLNT3J/A": "iPhone 13 512GB Blue",
            "MLNE3J/A": "iPhone 13 128GB Pink",
            "MLNL3J/A": "iPhone 13 256GB Product Red",
            "MLNN3J/A": "iPhone 13 512GB Midnight",
            "MLNQ3J/A": "iPhone 13 512GB Pink",
            "MLNH3J/A": "iPhone 13 256GB Midnight",
            "MLNF3J/A": "iPhone 13 128GB Product Red",
            "MNGJ3J/A": "iPhone 13 512GB Green",
            "MNGH3J/A": "iPhone 13 256GB Green",
            "MNGG3J/A": "iPhone 13 128GB Green"
        },
        "mini13": {
            "MLJW3J/A": "iPhone 13 mini 512GB Product Red",
            "MLJJ3J/A": "iPhone 13 mini 256GB Midnight",
            "MLJP3J/A": "iPhone 13 mini 512GB Midnight",
            "MLJY3J/A": "iPhone 13 mini 512GB Blue",
            "MLJC3J/A": "iPhone 13 mini 128GB Midnight",
            "MLJK3J/A": "iPhone 13 mini 256GB Starlight",
            "MLJH3J/A": "iPhone 13 mini 128GB Blue",
            "MLJU3J/A": "iPhone 13 mini 512GB Pink",
            "MLJE3J/A": "iPhone 13 mini 128GB Starlight",
            "MLJM3J/A": "iPhone 13 mini 256GB Product Red",
            "MLJG3J/A": "iPhone 13 mini 128GB Product Red",
            "MLJN3J/A": "iPhone 13 mini 256GB Blue",
            "MLJL3J/A": "iPhone 13 mini 256GB Pink",
            "MLJF3J/A": "iPhone 13 mini 128GB Pink",
            "MLJR3J/A": "iPhone 13 mini 512GB Starlight",
            "MNFD3J/A": "iPhone 13 mini 256GB Green",
            "MNFC3J/A": "iPhone 13 mini 128GB Green",
            "MNFE3J/A": "iPhone 13 mini 512GB Green"
        },
        "pro13": {
            "MLUH3J/A": "iPhone 13 Pro 128GB Gold",
            "MLV43J/A": "iPhone 13 Pro 1TB Gold",
            "MLUY3J/A": "iPhone 13 Pro 512GB Gold",
            "MLUQ3J/A": "iPhone 13 Pro 256GB Gold",
            "MLUN3J/A": "iPhone 13 Pro 256GB Graphite",
            "MLUE3J/A": "iPhone 13 Pro 128GB Graphite",
            "MLUV3J/A": "iPhone 13 Pro 512GB Graphite",
            "MLUF3J/A": "iPhone 13 Pro 128GB Silver",
            "MLUP3J/A": "iPhone 13 Pro 256GB Silver",
            "MLUK3J/A": "iPhone 13 Pro 128GB Sierra Blue",
            "MLV13J/A": "iPhone 13 Pro 1TB Graphite",
            "MLV73J/A": "iPhone 13 Pro 1TB Sierra Blue",
            "MLV33J/A": "iPhone 13 Pro 1TB Silver",
            "MLUU3J/A": "iPhone 13 Pro 256GB Sierra Blue",
            "MLUW3J/A": "iPhone 13 Pro 512GB Silver",
            "MLV03J/A": "iPhone 13 Pro 512GB Sierra Blue",
            "MNDY3J/A": "iPhone 13 Pro 256GB Alpine Green",
            "MNE13J/A": "iPhone 13 Pro 1TB Alpine Green",
            "MNE03J/A": "iPhone 13 Pro 512GB Alpine Green",
            "MNDX3J/A": "iPhone 13 Pro 128GB Alpine Green"
        },
        "proMax13": {
            "MLJQ3J/A": "iPhone 13 Pro Max 512GB Graphite",
            "MLJ63J/A": "iPhone 13 Pro Max 128GB Gold",
            "MLJ53J/A": "iPhone 13 Pro Max 128GB Silver",
            "MLJ73J/A": "iPhone 13 Pro Max 128GB Sierra Blue",
            "MLKG3J/A": "iPhone 13 Pro Max 1TB Graphite",
            "MLJ43J/A": "iPhone 13 Pro Max 128GB Graphite",
            "MLKH3J/A": "iPhone 13 Pro Max 1TB Silver",
            "MLJA3J/A": "iPhone 13 Pro Max 256GB Gold",
            "MLJV3J/A": "iPhone 13 Pro Max 512GB Gold",
            "MLKJ3J/A": "iPhone 13 Pro Max 1TB Gold",
            "MLJT3J/A": "iPhone 13 Pro Max 512GB Silver",
            "MLJD3J/A": "iPhone 13 Pro Max 256GB Sierra Blue",
            "MLKK3J/A": "iPhone 13 Pro Max 1TB Sierra Blue",
            "MLJ83J/A": "iPhone 13 Pro Max 256GB Graphite",
            "MLJX3J/A": "iPhone 13 Pro Max 512GB Sierra Blue",
            "MLJ93J/A": "iPhone 13 Pro Max 256GB Silver",
            "MNCU3J/A": "iPhone 13 Pro Max 128GB Alpine Green",
            "MNCW3J/A": "iPhone 13 Pro Max 512GB Alpine Green",
            "MNCV3J/A": "iPhone 13 Pro Max 256GB Alpine Green",
            "MNCX3J/A": "iPhone 13 Pro Max 1TB Alpine Green"
        }
    },
    "at": {
        "regular13": {
            "MLPH3ZD/A": "iPhone 13 128GB Pink",
            "MLQC3ZD/A": "iPhone 13 512GB Midnight",
            "MLQF3ZD/A": "iPhone 13 512GB Product Red",
            "MLQ93ZD/A": "iPhone 13 256GB Product Red",
            "MLQA3ZD/A": "iPhone 13 256GB Blue",
            "MLQD3ZD/A": "iPhone 13 512GB Starlight",
            "MLPG3ZD/A": "iPhone 13 128GB Starlight",
            "MLPJ3ZD/A": "iPhone 13 128GB Product Red",
            "MLQ73ZD/A": "iPhone 13 256GB Starlight",
            "MLQE3ZD/A": "iPhone 13 512GB Pink",
            "MLQ83ZD/A": "iPhone 13 256GB Pink",
            "MLPF3ZD/A": "iPhone 13 128GB Midnight",
            "MLQG3ZD/A": "iPhone 13 512GB Blue",
            "MLPK3ZD/A": "iPhone 13 128GB Blue",
            "MLQ63ZD/A": "iPhone 13 256GB Midnight",
            "MNGM3ZD/A": "iPhone 13 512GB Green",
            "MNGK3ZD/A": "iPhone 13 128GB Green",
            "MNGL3ZD/A": "iPhone 13 256GB Green"
        },
        "mini13": {
            "MLK23ZD/A": "iPhone 13 mini 128GB Pink",
            "MLK33ZD/A": "iPhone 13 mini 128GB Product Red",
            "MLK13ZD/A": "iPhone 13 mini 128GB Starlight",
            "MLKD3ZD/A": "iPhone 13 mini 512GB Pink",
            "MLK63ZD/A": "iPhone 13 mini 256GB Starlight",
            "MLK73ZD/A": "iPhone 13 mini 256GB Pink",
            "MLKE3ZD/A": "iPhone 13 mini 512GB Product Red",
            "MLK93ZD/A": "iPhone 13 mini 256GB Blue",
            "MLK83ZD/A": "iPhone 13 mini 256GB Product Red",
            "MLK53ZD/A": "iPhone 13 mini 256GB Midnight",
            "MLKF3ZD/A": "iPhone 13 mini 512GB Blue",
            "MLKC3ZD/A": "iPhone 13 mini 512GB Starlight",
            "MLKA3ZD/A": "iPhone 13 mini 512GB Midnight",
            "MLK03ZD/A": "iPhone 13 mini 128GB Midnight",
            "MLK43ZD/A": "iPhone 13 mini 128GB Blue",
            "MNFH3ZD/A": "iPhone 13 mini 512GB Green",
            "MNFF3ZD/A": "iPhone 13 mini 128GB Green",
            "MNFG3ZD/A": "iPhone 13 mini 256GB Green"
        },
        "pro13": {
            "MLVU3ZD/A": "iPhone 13 Pro 512GB Sierra Blue",
            "MLVN3ZD/A": "iPhone 13 Pro 512GB Silver",
            "MLVW3ZD/A": "iPhone 13 Pro 1TB Silver",
            "MLVQ3ZD/A": "iPhone 13 Pro 512GB Gold",
            "MLVP3ZD/A": "iPhone 13 Pro 256GB Sierra Blue",
            "MLVC3ZD/A": "iPhone 13 Pro 128GB Gold",
            "MLV93ZD/A": "iPhone 13 Pro 128GB Graphite",
            "MLVV3ZD/A": "iPhone 13 Pro 1TB Graphite",
            "MLVH3ZD/A": "iPhone 13 Pro 512GB Graphite",
            "MLVA3ZD/A": "iPhone 13 Pro 128GB Silver",
            "MLVY3ZD/A": "iPhone 13 Pro 1TB Gold",
            "MLVE3ZD/A": "iPhone 13 Pro 256GB Graphite",
            "MLVK3ZD/A": "iPhone 13 Pro 256GB Gold",
            "MLW03ZD/A": "iPhone 13 Pro 1TB Sierra Blue",
            "MLVF3ZD/A": "iPhone 13 Pro 256GB Silver",
            "MLVD3ZD/A": "iPhone 13 Pro 128GB Sierra Blue",
            "MNE53ZD/A": "iPhone 13 Pro 1TB Alpine Green",
            "MNE23ZD/A": "iPhone 13 Pro 128GB Alpine Green",
            "MNE33ZD/A": "iPhone 13 Pro 256GB Alpine Green",
            "MNE43ZD/A": "iPhone 13 Pro 512GB Alpine Green"
        },
        "proMax13": {
            "MLLL3ZD/A": "iPhone 13 Pro Max 1TB Silver",
            "MLLH3ZD/A": "iPhone 13 Pro Max 512GB Gold",
            "MLLG3ZD/A": "iPhone 13 Pro Max 512GB Silver",
            "MLLE3ZD/A": "iPhone 13 Pro Max 256GB Sierra Blue",
            "MLL83ZD/A": "iPhone 13 Pro Max 128GB Gold",
            "MLLA3ZD/A": "iPhone 13 Pro Max 256GB Graphite",
            "MLLN3ZD/A": "iPhone 13 Pro Max 1TB Sierra Blue",
            "MLL93ZD/A": "iPhone 13 Pro Max 128GB Sierra Blue",
            "MLL63ZD/A": "iPhone 13 Pro Max 128GB Graphite",
            "MLL73ZD/A": "iPhone 13 Pro Max 128GB Silver",
            "MLLJ3ZD/A": "iPhone 13 Pro Max 512GB Sierra Blue",
            "MLLK3ZD/A": "iPhone 13 Pro Max 1TB Graphite",
            "MLLM3ZD/A": "iPhone 13 Pro Max 1TB Gold",
            "MLLD3ZD/A": "iPhone 13 Pro Max 256GB Gold",
            "MLLC3ZD/A": "iPhone 13 Pro Max 256GB Silver",
            "MLLF3ZD/A": "iPhone 13 Pro Max 512GB Graphite",
            "MND23ZD/A": "iPhone 13 Pro Max 1TB Alpine Green",
            "MND13ZD/A": "iPhone 13 Pro Max 512GB Alpine Green",
            "MNCY3ZD/A": "iPhone 13 Pro Max 128GB Alpine Green",
            "MND03ZD/A": "iPhone 13 Pro Max 256GB Alpine Green"
        }
    }
}
