{
    "proMax13": {
           "MLKL3LL/A": "iPhone 13 Pro Max 128GB Graphite",
           "MLKM3LL/A": "iPhone 13 Pro Max 128GB Silver",
           "MLKN3LL/A": "iPhone 13 Pro Max 128GB Gold",
           "MLKP3LL/A": "iPhone 13 Pro Max 128GB Sierra Blue",
           "MLKR3LL/A": "iPhone 13 Pro Max 256GB Graphite",
           "MLKT3LL/A": "iPhone 13 Pro Max 256GB Silver",
           "MLKU3LL/A": "iPhone 13 Pro Max 256GB Gold",
           "MLKV3LL/A": "iPhone 13 Pro Max 256GB Sierra Blue",
           "MLKW3LL/A": "iPhone 13 Pro Max 512GB Graphite",
           "MLKX3LL/A": "iPhone 13 Pro Max 512GB Silver",
           "MLKY3LL/A": "iPhone 13 Pro Max 512GB Gold",
           "MLL03LL/A": "iPhone 13 Pro Max 512GB Sierra Blue",
           "MLL23LL/A": "iPhone 13 Pro Max 1TB Graphite",
           "MLL33LL/A": "iPhone 13 Pro Max 1TB Silver",
           "MLL43LL/A": "iPhone 13 Pro Max 1TB Gold",
           "MLL53LL/A": "iPhone 13 Pro Max 1TB Sierra Blue",
    },
    "pro13": {
           "MLTP3LL/A": "iPhone 13 Pro 128GB Graphite",
           "MLTQ3LL/A": "iPhone 13 Pro 128GB Silver",
           "MLTR3LL/A": "iPhone 13 Pro 128GB Gold",
           "MLTT3LL/A": "iPhone 13 Pro 128GB Sierra Blue",
           "MLTW3LL/A": "iPhone 13 Pro 256GB Graphite",
           "MLTX3LL/A": "iPhone 13 Pro 256GB Silver",
           "MLTY3LL/A": "iPhone 13 Pro 256GB Gold",
           "MLU03LL/A": "iPhone 13 Pro 256GB Sierra Blue",
           "MLU13LL/A": "iPhone 13 Pro 512GB Graphite",
           "MLU33LL/A": "iPhone 13 Pro 512GB Silver",
           "MLU43LL/A": "iPhone 13 Pro 512GB Gold",
           "MLU73LL/A": "iPhone 13 Pro 512GB Sierra Blue",
           "MLU93LL/A": "iPhone 13 Pro 1TB Graphite",
           "MLUA3LL/A": "iPhone 13 Pro 1TB Silver",
           "MLUC3LL/A": "iPhone 13 Pro 1TB Gold",
           "MLUD3LL/A": "iPhone 13 Pro 1TB Sierra Blue",
    },
    "mini13": {
           "MLHM3LL/A": "iPhone 13 Mini 128GB Midnight",
           "MLHN3LL/A": "iPhone 13 Mini 128GB Starlight",
           "MLHP3LL/A": "iPhone 13 Mini 128GB Pink",
           "MLHQ3LL/A": "iPhone 13 Mini 128GB Product Red",
           "MLHR3LL/A": "iPhone 13 Mini 128GB Blue",
           "MLHT3LL/A": "iPhone 13 Mini 256GB Midnight",
           "MLHU3LL/A": "iPhone 13 Mini 256GB Starlight",
           "MLHV3LL/A": "iPhone 13 Mini 256GB Pink",
           "MLHW3LL/A": "iPhone 13 Mini 256GB Product Red",
           "MLHX3LL/A": "iPhone 13 Mini 256GB Blue",
           "MLHY3LL/A": "iPhone 13 Mini 512GB Midnight",
           "MLJ03LL/A": "iPhone 13 Mini 512GB Starlight",
           "MLJ13LL/A": "iPhone 13 Mini 512GB Pink",
           "MLJ23LL/A": "iPhone 13 Mini 512GB Product Red",
           "MLJ33LL/A": "iPhone 13 Mini 512GB Blue",
    },
    "regular13": {
           "MLML3LL/A": "iPhone 13 128GB Midnight",
           "MLMM3LL/A": "iPhone 13 128GB Starlight",
           "MLMN3LL/A": "iPhone 13 128GB Pink",
           "MLMQ3LL/A": "iPhone 13 128GB Product Red",
           "MLMT3LL/A": "iPhone 13 128GB Blue",
           "MLMU3LL/A": "iPhone 13 256GB Midnight",
           "MLMX3LL/A": "iPhone 13 256GB Starlight",
           "MLMY3LL/A": "iPhone 13 256GB Pink",
           "MLN03LL/A": "iPhone 13 256GB Product Red",
           "MLN13LL/A": "iPhone 13 256GB Blue",
           "MLN23LL/A": "iPhone 13 512GB Midnight",
           "MLN33LL/A": "iPhone 13 512GB Starlight",
           "MLN43LL/A": "iPhone 13 512GB Pink",
           "MLN53LL/A": "iPhone 13 512GB Product Red",
           "MLN83LL/A": "iPhone 13 512GB Blue",
    }
}
