{
    "us": {
        "regular14": {
            "MPXL3LL/A": "iPhone 14 512GB Blue",
            "MPW23LL/A": "iPhone 14 256GB Starlight",
            "MPWU3LL/A": "iPhone 14 512GB Midnight",
            "MPWM3LL/A": "iPhone 14 256GB Blue",
            "MPV73LL/A": "iPhone 14 128GB Product Red",
            "MPX13LL/A": "iPhone 14 512GB Starlight",
            "MPX73LL/A": "iPhone 14 512GB Purple",
            "MPVV3LL/A": "iPhone 14 256GB Midnight",
            "MPUN3LL/A": "iPhone 14 128GB Starlight",
            "MPWF3LL/A": "iPhone 14 256GB Product Red",
            "MPUX3LL/A": "iPhone 14 128GB Purple",
            "MPVH3LL/A": "iPhone 14 128GB Blue",
            "MPUA3LL/A": "iPhone 14 128GB Midnight",
            "MPW83LL/A": "iPhone 14 256GB Purple",
            "MPXE3LL/A": "iPhone 14 512GB Product Red"
        },
        "plus14": {
            "MQ493LL/A": "iPhone 14 Plus 512GB Blue",
            "MQ473LL/A": "iPhone 14 Plus 512GB Product Red",
            "MQ403LL/A": "iPhone 14 Plus 256GB Purple",
            "MQ423LL/A": "iPhone 14 Plus 256GB Blue",
            "MQ3W3LL/A": "iPhone 14 Plus 128GB Blue",
            "MQ433LL/A": "iPhone 14 Plus 512GB Midnight",
            "MQ3R3LL/A": "iPhone 14 Plus 128GB Midnight",
            "MQ3Y3LL/A": "iPhone 14 Plus 256GB Starlight",
            "MQ3T3LL/A": "iPhone 14 Plus 128GB Starlight",
            "MQ3V3LL/A": "iPhone 14 Plus 128GB Product Red",
            "MQ3U3LL/A": "iPhone 14 Plus 128GB Purple",
            "MQ463LL/A": "iPhone 14 Plus 512GB Purple",
            "MQ443LL/A": "iPhone 14 Plus 512GB Starlight",
            "MQ413LL/A": "iPhone 14 Plus 256GB Product Red",
            "MQ3X3LL/A": "iPhone 14 Plus 256GB Midnight"
        },
        "pro14": {
            "MQ0E3LL/A": "iPhone 14 Pro 128GB Deep Purple",
            "MQ0X3LL/A": "iPhone 14 Pro 256GB Silver",
            "MQ163LL/A": "iPhone 14 Pro 256GB Gold",
            "MQ273LL/A": "iPhone 14 Pro 512GB Deep Purple",
            "MQ2E3LL/A": "iPhone 14 Pro 1TB Space Black",
            "MQ1U3LL/A": "iPhone 14 Pro 512GB Silver",
            "MQ303LL/A": "iPhone 14 Pro 1TB Deep Purple",
            "MQ0N3LL/A": "iPhone 14 Pro 256GB Space Black",
            "MQ003LL/A": "iPhone 14 Pro 128GB Silver",
            "MQ1D3LL/A": "iPhone 14 Pro 256GB Deep Purple",
            "MQ2L3LL/A": "iPhone 14 Pro 1TB Silver",
            "MPXT3LL/A": "iPhone 14 Pro 128GB Space Black",
            "MQ2T3LL/A": "iPhone 14 Pro 1TB Gold",
            "MQ1K3LL/A": "iPhone 14 Pro 512GB Space Black",
            "MQ063LL/A": "iPhone 14 Pro 128GB Gold",
            "MQ213LL/A": "iPhone 14 Pro 512GB Gold"
        },
        "proMax14": {
            "MQ8W3LL/A": "iPhone 14 Pro Max 256GB Deep Purple",
            "MQ933LL/A": "iPhone 14 Pro Max 1TB Silver",
            "MQ8R3LL/A": "iPhone 14 Pro Max 128GB Deep Purple",
            "MQ8T3LL/A": "iPhone 14 Pro Max 256GB Space Black",
            "MQ8N3LL/A": "iPhone 14 Pro Max 128GB Space Black",
            "MQ8P3LL/A": "iPhone 14 Pro Max 128GB Silver",
            "MQ913LL/A": "iPhone 14 Pro Max 512GB Deep Purple",
            "MQ8V3LL/A": "iPhone 14 Pro Max 256GB Gold",
            "MQ8U3LL/A": "iPhone 14 Pro Max 256GB Silver",
            "MQ8X3LL/A": "iPhone 14 Pro Max 512GB Space Black",
            "MQ8Q3LL/A": "iPhone 14 Pro Max 128GB Gold",
            "MQ953LL/A": "iPhone 14 Pro Max 1TB Deep Purple",
            "MQ903LL/A": "iPhone 14 Pro Max 512GB Gold",
            "MQ923LL/A": "iPhone 14 Pro Max 1TB Space Black",
            "MQ8Y3LL/A": "iPhone 14 Pro Max 512GB Silver",
            "MQ943LL/A": "iPhone 14 Pro Max 1TB Gold"
        }
    },
    "ca": {
        "regular14": {
            "MPX23VC/A": "iPhone 14 512GB Starlight",
            "MPUQ3VC/A": "iPhone 14 128GB Starlight",
            "MPWG3VC/A": "iPhone 14 256GB Product Red",
            "MPXF3VC/A": "iPhone 14 512GB Product Red",
            "MPW93VC/A": "iPhone 14 256GB Purple",
            "MPV93VC/A": "iPhone 14 128GB Product Red",
            "MPWV3VC/A": "iPhone 14 512GB Midnight",
            "MPUD3VC/A": "iPhone 14 128GB Midnight",
            "MPVJ3VC/A": "iPhone 14 128GB Blue",
            "MPWN3VC/A": "iPhone 14 256GB Blue",
            "MPW33VC/A": "iPhone 14 256GB Starlight",
            "MPVW3VC/A": "iPhone 14 256GB Midnight",
            "MPX83VC/A": "iPhone 14 512GB Purple",
            "MPXM3VC/A": "iPhone 14 512GB Blue",
            "MPUY3VC/A": "iPhone 14 128GB Purple"
        },
        "plus14": {
            "MQ4T3VC/A": "iPhone 14 Plus 512GB Starlight",
            "MQ4P3VC/A": "iPhone 14 Plus 256GB Product Red",
            "MQ4U3VC/A": "iPhone 14 Plus 512GB Purple",
            "MQ4J3VC/A": "iPhone 14 Plus 256GB Midnight",
            "MQ4R3VC/A": "iPhone 14 Plus 512GB Midnight",
            "MQ4L3VC/A": "iPhone 14 Plus 256GB Starlight",
            "MQ4V3VC/A": "iPhone 14 Plus 512GB Product Red",
            "MQ4Q3VC/A": "iPhone 14 Plus 256GB Blue",
            "MQ4W3VC/A": "iPhone 14 Plus 512GB Blue",
            "MQ4F3VC/A": "iPhone 14 Plus 128GB Product Red",
            "MQ4A3VC/A": "iPhone 14 Plus 128GB Midnight",
            "MQ4M3VC/A": "iPhone 14 Plus 256GB Purple",
            "MQ4D3VC/A": "iPhone 14 Plus 128GB Starlight",
            "MQ4H3VC/A": "iPhone 14 Plus 128GB Blue",
            "MQ4E3VC/A": "iPhone 14 Plus 128GB Purple"
        },
        "pro14": {
            "MQ1V3VC/A": "iPhone 14 Pro 512GB Silver",
            "MQ0Y3VC/A": "iPhone 14 Pro 256GB Silver",
            "MQ0Q3VC/A": "iPhone 14 Pro 256GB Space Black",
            "MPXU3VC/A": "iPhone 14 Pro 128GB Space Black",
            "MQ0F3VC/A": "iPhone 14 Pro 128GB Deep Purple",
            "MQ283VC/A": "iPhone 14 Pro 512GB Deep Purple",
            "MQ1L3VC/A": "iPhone 14 Pro 512GB Space Black",
            "MQ1E3VC/A": "iPhone 14 Pro 256GB Deep Purple",
            "MQ073VC/A": "iPhone 14 Pro 128GB Gold",
            "MQ2F3VC/A": "iPhone 14 Pro 1TB Space Black",
            "MQ173VC/A": "iPhone 14 Pro 256GB Gold",
            "MQ013VC/A": "iPhone 14 Pro 128GB Silver",
            "MQ2U3VC/A": "iPhone 14 Pro 1TB Gold",
            "MQ2M3VC/A": "iPhone 14 Pro 1TB Silver",
            "MQ313VC/A": "iPhone 14 Pro 1TB Deep Purple",
            "MQ223VC/A": "iPhone 14 Pro 512GB Gold"
        },
        "proMax14": {
            "MQ9C3VC/A": "iPhone 14 Pro Max 256GB Silver",
            "MQ9D3VC/A": "iPhone 14 Pro Max 256GB Gold",
            "MQ963VC/A": "iPhone 14 Pro Max 128GB Space Black",
            "MQ9A3VC/A": "iPhone 14 Pro Max 256GB Space Black",
            "MQ9L3VC/A": "iPhone 14 Pro Max 1TB Silver",
            "MQ9J3VC/A": "iPhone 14 Pro Max 512GB Deep Purple",
            "MQ9E3VC/A": "iPhone 14 Pro Max 256GB Deep Purple",
            "MQ993VC/A": "iPhone 14 Pro Max 128GB Deep Purple",
            "MQ9F3VC/A": "iPhone 14 Pro Max 512GB Space Black",
            "MQ983VC/A": "iPhone 14 Pro Max 128GB Gold",
            "MQ9N3VC/A": "iPhone 14 Pro Max 1TB Deep Purple",
            "MQ9H3VC/A": "iPhone 14 Pro Max 512GB Gold",
            "MQ973VC/A": "iPhone 14 Pro Max 128GB Silver",
            "MQ9K3VC/A": "iPhone 14 Pro Max 1TB Space Black",
            "MQ9G3VC/A": "iPhone 14 Pro Max 512GB Silver",
            "MQ9M3VC/A": "iPhone 14 Pro Max 1TB Gold"
        }
    },
    "uk": {
        "regular14": {
            "MPUR3ZD/A": "iPhone 14 128GB Starlight",
            "MPVA3ZD/A": "iPhone 14 128GB Product Red",
            "MPWH3ZD/A": "iPhone 14 256GB Product Red",
            "MPXG3ZD/A": "iPhone 14 512GB Product Red",
            "MPW43ZD/A": "iPhone 14 256GB Starlight",
            "MPVN3ZD/A": "iPhone 14 128GB Blue",
            "MPWW3ZD/A": "iPhone 14 512GB Midnight",
            "MPVX3ZD/A": "iPhone 14 256GB Midnight",
            "MPUF3ZD/A": "iPhone 14 128GB Midnight",
            "MPV03ZD/A": "iPhone 14 128GB Purple",
            "MPX33ZD/A": "iPhone 14 512GB Starlight",
            "MPWA3ZD/A": "iPhone 14 256GB Purple",
            "MPXN3ZD/A": "iPhone 14 512GB Blue",
            "MPX93ZD/A": "iPhone 14 512GB Purple",
            "MPWP3ZD/A": "iPhone 14 256GB Blue"
        },
        "plus14": {
            "MQ523ZD/A": "iPhone 14 Plus 128GB Blue",
            "MQ5G3ZD/A": "iPhone 14 Plus 512GB Blue",
            "MQ573ZD/A": "iPhone 14 Plus 256GB Product Red",
            "MQ4Y3ZD/A": "iPhone 14 Plus 128GB Starlight",
            "MQ563ZD/A": "iPhone 14 Plus 256GB Purple",
            "MQ5D3ZD/A": "iPhone 14 Plus 512GB Starlight",
            "MQ593ZD/A": "iPhone 14 Plus 512GB Midnight",
            "MQ503ZD/A": "iPhone 14 Plus 128GB Purple",
            "MQ533ZD/A": "iPhone 14 Plus 256GB Midnight",
            "MQ5E3ZD/A": "iPhone 14 Plus 512GB Purple",
            "MQ513ZD/A": "iPhone 14 Plus 128GB Product Red",
            "MQ553ZD/A": "iPhone 14 Plus 256GB Starlight",
            "MQ583ZD/A": "iPhone 14 Plus 256GB Blue",
            "MQ5F3ZD/A": "iPhone 14 Plus 512GB Product Red",
            "MQ4X3ZD/A": "iPhone 14 Plus 128GB Midnight"
        },
        "pro14": {
            "MQ0T3ZD/A": "iPhone 14 Pro 256GB Space Black",
            "MQ293ZD/A": "iPhone 14 Pro 512GB Deep Purple",
            "MQ2N3ZD/A": "iPhone 14 Pro 1TB Silver",
            "MQ323ZD/A": "iPhone 14 Pro 1TB Deep Purple",
            "MQ023ZD/A": "iPhone 14 Pro 128GB Silver",
            "MQ183ZD/A": "iPhone 14 Pro 256GB Gold",
            "MQ1M3ZD/A": "iPhone 14 Pro 512GB Space Black",
            "MQ2V3ZD/A": "iPhone 14 Pro 1TB Gold",
            "MPXV3ZD/A": "iPhone 14 Pro 128GB Space Black",
            "MQ1W3ZD/A": "iPhone 14 Pro 512GB Silver",
            "MQ0G3ZD/A": "iPhone 14 Pro 128GB Deep Purple",
            "MQ1F3ZD/A": "iPhone 14 Pro 256GB Deep Purple",
            "MQ103ZD/A": "iPhone 14 Pro 256GB Silver",
            "MQ233ZD/A": "iPhone 14 Pro 512GB Gold",
            "MQ083ZD/A": "iPhone 14 Pro 128GB Gold",
            "MQ2G3ZD/A": "iPhone 14 Pro 1TB Space Black"
        },
        "proMax14": {
            "MQAM3ZD/A": "iPhone 14 Pro Max 512GB Deep Purple",
            "MQC23ZD/A": "iPhone 14 Pro Max 1TB Space Black",
            "MQAH3ZD/A": "iPhone 14 Pro Max 512GB Silver",
            "MQ9U3ZD/A": "iPhone 14 Pro Max 256GB Space Black",
            "MQ9W3ZD/A": "iPhone 14 Pro Max 256GB Gold",
            "MQC43ZD/A": "iPhone 14 Pro Max 1TB Gold",
            "MQ9X3ZD/A": "iPhone 14 Pro Max 256GB Deep Purple",
            "MQ9R3ZD/A": "iPhone 14 Pro Max 128GB Gold",
            "MQ9P3ZD/A": "iPhone 14 Pro Max 128GB Space Black",
            "MQC33ZD/A": "iPhone 14 Pro Max 1TB Silver",
            "MQC53ZD/A": "iPhone 14 Pro Max 1TB Deep Purple",
            "MQAJ3ZD/A": "iPhone 14 Pro Max 512GB Gold",
            "MQ9T3ZD/A": "iPhone 14 Pro Max 128GB Deep Purple",
            "MQAF3ZD/A": "iPhone 14 Pro Max 512GB Space Black",
            "MQ9Q3ZD/A": "iPhone 14 Pro Max 128GB Silver",
            "MQ9V3ZD/A": "iPhone 14 Pro Max 256GB Silver"
        }
    },
    "hk": {
        "regular14": {
            "MPU93ZA/A": "iPhone 14 128GB Midnight",
            "MPX63ZA/A": "iPhone 14 512GB Purple",
            "MPX03ZA/A": "iPhone 14 512GB Starlight",
            "MPW73ZA/A": "iPhone 14 256GB Purple",
            "MPVU3ZA/A": "iPhone 14 256GB Midnight",
            "MPV63ZA/A": "iPhone 14 128GB Product Red",
            "MPW13ZA/A": "iPhone 14 256GB Starlight",
            "MPUW3ZA/A": "iPhone 14 128GB Purple",
            "MPWT3ZA/A": "iPhone 14 512GB Midnight",
            "MPWE3ZA/A": "iPhone 14 256GB Product Red",
            "MPVG3ZA/A": "iPhone 14 128GB Blue",
            "MPXD3ZA/A": "iPhone 14 512GB Product Red",
            "MPUJ3ZA/A": "iPhone 14 128GB Starlight",
            "MPXK3ZA/A": "iPhone 14 512GB Blue",
            "MPWL3ZA/A": "iPhone 14 256GB Blue"
        },
        "plus14": {
            "MQ393ZA/A": "iPhone 14 Plus 128GB Product Red",
            "MQ3J3ZA/A": "iPhone 14 Plus 512GB Starlight",
            "MQ3G3ZA/A": "iPhone 14 Plus 256GB Blue",
            "MQ3P3ZA/A": "iPhone 14 Plus 512GB Product Red",
            "MQ3D3ZA/A": "iPhone 14 Plus 256GB Starlight",
            "MQ3Q3ZA/A": "iPhone 14 Plus 512GB Blue",
            "MQ3F3ZA/A": "iPhone 14 Plus 256GB Product Red",
            "MQ363ZA/A": "iPhone 14 Plus 128GB Starlight",
            "MQ3E3ZA/A": "iPhone 14 Plus 256GB Purple",
            "MQ3C3ZA/A": "iPhone 14 Plus 256GB Midnight",
            "MQ3K3ZA/A": "iPhone 14 Plus 512GB Purple",
            "MQ373ZA/A": "iPhone 14 Plus 128GB Purple",
            "MQ353ZA/A": "iPhone 14 Plus 128GB Midnight",
            "MQ3A3ZA/A": "iPhone 14 Plus 128GB Blue",
            "MQ3H3ZA/A": "iPhone 14 Plus 512GB Midnight"
        },
        "pro14": {
            "MQ203ZA/A": "iPhone 14 Pro 512GB Gold",
            "MQ263ZA/A": "iPhone 14 Pro 512GB Deep Purple",
            "MQ2Y3ZA/A": "iPhone 14 Pro 1TB Deep Purple",
            "MQ143ZA/A": "iPhone 14 Pro 256GB Gold",
            "MQ2K3ZA/A": "iPhone 14 Pro 1TB Silver",
            "MQ0M3ZA/A": "iPhone 14 Pro 256GB Space Black",
            "MPXR3ZA/A": "iPhone 14 Pro 128GB Space Black",
            "MQ0D3ZA/A": "iPhone 14 Pro 128GB Deep Purple",
            "MQ0W3ZA/A": "iPhone 14 Pro 256GB Silver",
            "MQ2D3ZA/A": "iPhone 14 Pro 1TB Space Black",
            "MQ1J3ZA/A": "iPhone 14 Pro 512GB Space Black",
            "MQ1R3ZA/A": "iPhone 14 Pro 512GB Silver",
            "MPXY3ZA/A": "iPhone 14 Pro 128GB Silver",
            "MQ053ZA/A": "iPhone 14 Pro 128GB Gold",
            "MQ2R3ZA/A": "iPhone 14 Pro 1TB Gold",
            "MQ1C3ZA/A": "iPhone 14 Pro 256GB Deep Purple"
        },
        "proMax14": {
            "MQ893ZA/A": "iPhone 14 Pro Max 256GB Gold",
            "MQ883ZA/A": "iPhone 14 Pro Max 256GB Silver",
            "MQ8F3ZA/A": "iPhone 14 Pro Max 512GB Gold",
            "MQ863ZA/A": "iPhone 14 Pro Max 128GB Deep Purple",
            "MQ873ZA/A": "iPhone 14 Pro Max 256GB Space Black",
            "MQ8L3ZA/A": "iPhone 14 Pro Max 1TB Gold",
            "MQ8D3ZA/A": "iPhone 14 Pro Max 512GB Space Black",
            "MQ8H3ZA/A": "iPhone 14 Pro Max 1TB Space Black",
            "MQ8M3ZA/A": "iPhone 14 Pro Max 1TB Deep Purple",
            "MQ853ZA/A": "iPhone 14 Pro Max 128GB Gold",
            "MQ843ZA/A": "iPhone 14 Pro Max 128GB Silver",
            "MQ8J3ZA/A": "iPhone 14 Pro Max 1TB Silver",
            "MQ8G3ZA/A": "iPhone 14 Pro Max 512GB Deep Purple",
            "MQ8E3ZA/A": "iPhone 14 Pro Max 512GB Silver",
            "MQ8A3ZA/A": "iPhone 14 Pro Max 256GB Deep Purple",
            "MQ833ZA/A": "iPhone 14 Pro Max 128GB Space Black"
        }
    },
    "au": {
        "regular14": {
            "MPUR3ZP/A": "iPhone 14 128GB Starlight",
            "MPVA3ZP/A": "iPhone 14 128GB Product Red",
            "MPWH3ZP/A": "iPhone 14 256GB Product Red",
            "MPXG3ZP/A": "iPhone 14 512GB Product Red",
            "MPW43ZP/A": "iPhone 14 256GB Starlight",
            "MPVN3ZP/A": "iPhone 14 128GB Blue",
            "MPWW3ZP/A": "iPhone 14 512GB Midnight",
            "MPVX3ZP/A": "iPhone 14 256GB Midnight",
            "MPUF3ZP/A": "iPhone 14 128GB Midnight",
            "MPV03ZP/A": "iPhone 14 128GB Purple",
            "MPX33ZP/A": "iPhone 14 512GB Starlight",
            "MPWA3ZP/A": "iPhone 14 256GB Purple",
            "MPXN3ZP/A": "iPhone 14 512GB Blue",
            "MPX93ZP/A": "iPhone 14 512GB Purple",
            "MPWP3ZP/A": "iPhone 14 256GB Blue"
        },
        "plus14": {
            "MQ523ZP/A": "iPhone 14 Plus 128GB Blue",
            "MQ5G3ZP/A": "iPhone 14 Plus 512GB Blue",
            "MQ573ZP/A": "iPhone 14 Plus 256GB Product Red",
            "MQ4Y3ZP/A": "iPhone 14 Plus 128GB Starlight",
            "MQ563ZP/A": "iPhone 14 Plus 256GB Purple",
            "MQ5D3ZP/A": "iPhone 14 Plus 512GB Starlight",
            "MQ593ZP/A": "iPhone 14 Plus 512GB Midnight",
            "MQ503ZP/A": "iPhone 14 Plus 128GB Purple",
            "MQ533ZP/A": "iPhone 14 Plus 256GB Midnight",
            "MQ5E3ZP/A": "iPhone 14 Plus 512GB Purple",
            "MQ513ZP/A": "iPhone 14 Plus 128GB Product Red",
            "MQ553ZP/A": "iPhone 14 Plus 256GB Starlight",
            "MQ583ZP/A": "iPhone 14 Plus 256GB Blue",
            "MQ5F3ZP/A": "iPhone 14 Plus 512GB Product Red",
            "MQ4X3ZP/A": "iPhone 14 Plus 128GB Midnight"
        },
        "pro14": {
            "MQ0T3ZP/A": "iPhone 14 Pro 256GB Space Black",
            "MQ293ZP/A": "iPhone 14 Pro 512GB Deep Purple",
            "MQ2N3ZP/A": "iPhone 14 Pro 1TB Silver",
            "MQ323ZP/A": "iPhone 14 Pro 1TB Deep Purple",
            "MQ023ZP/A": "iPhone 14 Pro 128GB Silver",
            "MQ183ZP/A": "iPhone 14 Pro 256GB Gold",
            "MQ1M3ZP/A": "iPhone 14 Pro 512GB Space Black",
            "MQ2V3ZP/A": "iPhone 14 Pro 1TB Gold",
            "MPXV3ZP/A": "iPhone 14 Pro 128GB Space Black",
            "MQ1W3ZP/A": "iPhone 14 Pro 512GB Silver",
            "MQ0G3ZP/A": "iPhone 14 Pro 128GB Deep Purple",
            "MQ1F3ZP/A": "iPhone 14 Pro 256GB Deep Purple",
            "MQ103ZP/A": "iPhone 14 Pro 256GB Silver",
            "MQ233ZP/A": "iPhone 14 Pro 512GB Gold",
            "MQ083ZP/A": "iPhone 14 Pro 128GB Gold",
            "MQ2G3ZP/A": "iPhone 14 Pro 1TB Space Black"
        },
        "proMax14": {
            "MQAM3ZP/A": "iPhone 14 Pro Max 512GB Deep Purple",
            "MQC23ZP/A": "iPhone 14 Pro Max 1TB Space Black",
            "MQAH3ZP/A": "iPhone 14 Pro Max 512GB Silver",
            "MQ9U3ZP/A": "iPhone 14 Pro Max 256GB Space Black",
            "MQ9W3ZP/A": "iPhone 14 Pro Max 256GB Gold",
            "MQC43ZP/A": "iPhone 14 Pro Max 1TB Gold",
            "MQ9X3ZP/A": "iPhone 14 Pro Max 256GB Deep Purple",
            "MQ9R3ZP/A": "iPhone 14 Pro Max 128GB Gold",
            "MQ9P3ZP/A": "iPhone 14 Pro Max 128GB Space Black",
            "MQC33ZP/A": "iPhone 14 Pro Max 1TB Silver",
            "MQC53ZP/A": "iPhone 14 Pro Max 1TB Deep Purple",
            "MQAJ3ZP/A": "iPhone 14 Pro Max 512GB Gold",
            "MQ9T3ZP/A": "iPhone 14 Pro Max 128GB Deep Purple",
            "MQAF3ZP/A": "iPhone 14 Pro Max 512GB Space Black",
            "MQ9Q3ZP/A": "iPhone 14 Pro Max 128GB Silver",
            "MQ9V3ZP/A": "iPhone 14 Pro Max 256GB Silver"
        }
    },
    "kr": {
        "regular14": {
            "MPUR3KH/A": "iPhone 14 128GB Starlight",
            "MPVA3KH/A": "iPhone 14 128GB Product Red",
            "MPWH3KH/A": "iPhone 14 256GB Product Red",
            "MPXG3KH/A": "iPhone 14 512GB Product Red",
            "MPW43KH/A": "iPhone 14 256GB Starlight",
            "MPVN3KH/A": "iPhone 14 128GB Blue",
            "MPWW3KH/A": "iPhone 14 512GB Midnight",
            "MPVX3KH/A": "iPhone 14 256GB Midnight",
            "MPUF3KH/A": "iPhone 14 128GB Midnight",
            "MPV03KH/A": "iPhone 14 128GB Purple",
            "MPX33KH/A": "iPhone 14 512GB Starlight",
            "MPWA3KH/A": "iPhone 14 256GB Purple",
            "MPXN3KH/A": "iPhone 14 512GB Blue",
            "MPX93KH/A": "iPhone 14 512GB Purple",
            "MPWP3KH/A": "iPhone 14 256GB Blue"
        },
        "plus14": {
            "MQ523KH/A": "iPhone 14 Plus 128GB Blue",
            "MQ5G3KH/A": "iPhone 14 Plus 512GB Blue",
            "MQ573KH/A": "iPhone 14 Plus 256GB Product Red",
            "MQ4Y3KH/A": "iPhone 14 Plus 128GB Starlight",
            "MQ563KH/A": "iPhone 14 Plus 256GB Purple",
            "MQ5D3KH/A": "iPhone 14 Plus 512GB Starlight",
            "MQ593KH/A": "iPhone 14 Plus 512GB Midnight",
            "MQ503KH/A": "iPhone 14 Plus 128GB Purple",
            "MQ533KH/A": "iPhone 14 Plus 256GB Midnight",
            "MQ5E3KH/A": "iPhone 14 Plus 512GB Purple",
            "MQ513KH/A": "iPhone 14 Plus 128GB Product Red",
            "MQ553KH/A": "iPhone 14 Plus 256GB Starlight",
            "MQ583KH/A": "iPhone 14 Plus 256GB Blue",
            "MQ5F3KH/A": "iPhone 14 Plus 512GB Product Red",
            "MQ4X3KH/A": "iPhone 14 Plus 128GB Midnight"
        },
        "pro14": {
            "MQ0T3KH/A": "iPhone 14 Pro 256GB Space Black",
            "MQ293KH/A": "iPhone 14 Pro 512GB Deep Purple",
            "MQ2N3KH/A": "iPhone 14 Pro 1TB Silver",
            "MQ323KH/A": "iPhone 14 Pro 1TB Deep Purple",
            "MQ023KH/A": "iPhone 14 Pro 128GB Silver",
            "MQ183KH/A": "iPhone 14 Pro 256GB Gold",
            "MQ1M3KH/A": "iPhone 14 Pro 512GB Space Black",
            "MQ2V3KH/A": "iPhone 14 Pro 1TB Gold",
            "MPXV3KH/A": "iPhone 14 Pro 128GB Space Black",
            "MQ1W3KH/A": "iPhone 14 Pro 512GB Silver",
            "MQ0G3KH/A": "iPhone 14 Pro 128GB Deep Purple",
            "MQ1F3KH/A": "iPhone 14 Pro 256GB Deep Purple",
            "MQ103KH/A": "iPhone 14 Pro 256GB Silver",
            "MQ233KH/A": "iPhone 14 Pro 512GB Gold",
            "MQ083KH/A": "iPhone 14 Pro 128GB Gold",
            "MQ2G3KH/A": "iPhone 14 Pro 1TB Space Black"
        },
        "proMax14": {
            "MQAM3KH/A": "iPhone 14 Pro Max 512GB Deep Purple",
            "MQC23KH/A": "iPhone 14 Pro Max 1TB Space Black",
            "MQAH3KH/A": "iPhone 14 Pro Max 512GB Silver",
            "MQ9U3KH/A": "iPhone 14 Pro Max 256GB Space Black",
            "MQ9W3KH/A": "iPhone 14 Pro Max 256GB Gold",
            "MQC43KH/A": "iPhone 14 Pro Max 1TB Gold",
            "MQ9X3KH/A": "iPhone 14 Pro Max 256GB Deep Purple",
            "MQ9R3KH/A": "iPhone 14 Pro Max 128GB Gold",
            "MQ9P3KH/A": "iPhone 14 Pro Max 128GB Space Black",
            "MQC33KH/A": "iPhone 14 Pro Max 1TB Silver",
            "MQC53KH/A": "iPhone 14 Pro Max 1TB Deep Purple",
            "MQAJ3KH/A": "iPhone 14 Pro Max 512GB Gold",
            "MQ9T3KH/A": "iPhone 14 Pro Max 128GB Deep Purple",
            "MQAF3KH/A": "iPhone 14 Pro Max 512GB Space Black",
            "MQ9Q3KH/A": "iPhone 14 Pro Max 128GB Silver",
            "MQ9V3KH/A": "iPhone 14 Pro Max 256GB Silver"
        }
    },
    "de": {
        "regular14": {
            "MPUR3ZD/A": "iPhone 14 128GB Starlight",
            "MPVA3ZD/A": "iPhone 14 128GB Product Red",
            "MPWH3ZD/A": "iPhone 14 256GB Product Red",
            "MPXG3ZD/A": "iPhone 14 512GB Product Red",
            "MPW43ZD/A": "iPhone 14 256GB Starlight",
            "MPVN3ZD/A": "iPhone 14 128GB Blue",
            "MPWW3ZD/A": "iPhone 14 512GB Midnight",
            "MPVX3ZD/A": "iPhone 14 256GB Midnight",
            "MPUF3ZD/A": "iPhone 14 128GB Midnight",
            "MPV03ZD/A": "iPhone 14 128GB Purple",
            "MPX33ZD/A": "iPhone 14 512GB Starlight",
            "MPWA3ZD/A": "iPhone 14 256GB Purple",
            "MPXN3ZD/A": "iPhone 14 512GB Blue",
            "MPX93ZD/A": "iPhone 14 512GB Purple",
            "MPWP3ZD/A": "iPhone 14 256GB Blue"
        },
        "plus14": {
            "MQ523ZD/A": "iPhone 14 Plus 128GB Blue",
            "MQ5G3ZD/A": "iPhone 14 Plus 512GB Blue",
            "MQ573ZD/A": "iPhone 14 Plus 256GB Product Red",
            "MQ4Y3ZD/A": "iPhone 14 Plus 128GB Starlight",
            "MQ563ZD/A": "iPhone 14 Plus 256GB Purple",
            "MQ5D3ZD/A": "iPhone 14 Plus 512GB Starlight",
            "MQ593ZD/A": "iPhone 14 Plus 512GB Midnight",
            "MQ503ZD/A": "iPhone 14 Plus 128GB Purple",
            "MQ533ZD/A": "iPhone 14 Plus 256GB Midnight",
            "MQ5E3ZD/A": "iPhone 14 Plus 512GB Purple",
            "MQ513ZD/A": "iPhone 14 Plus 128GB Product Red",
            "MQ553ZD/A": "iPhone 14 Plus 256GB Starlight",
            "MQ583ZD/A": "iPhone 14 Plus 256GB Blue",
            "MQ5F3ZD/A": "iPhone 14 Plus 512GB Product Red",
            "MQ4X3ZD/A": "iPhone 14 Plus 128GB Midnight"
        },
        "pro14": {
            "MQ0T3ZD/A": "iPhone 14 Pro 256GB Space Black",
            "MQ293ZD/A": "iPhone 14 Pro 512GB Deep Purple",
            "MQ2N3ZD/A": "iPhone 14 Pro 1TB Silver",
            "MQ323ZD/A": "iPhone 14 Pro 1TB Deep Purple",
            "MQ023ZD/A": "iPhone 14 Pro 128GB Silver",
            "MQ183ZD/A": "iPhone 14 Pro 256GB Gold",
            "MQ1M3ZD/A": "iPhone 14 Pro 512GB Space Black",
            "MQ2V3ZD/A": "iPhone 14 Pro 1TB Gold",
            "MPXV3ZD/A": "iPhone 14 Pro 128GB Space Black",
            "MQ1W3ZD/A": "iPhone 14 Pro 512GB Silver",
            "MQ0G3ZD/A": "iPhone 14 Pro 128GB Deep Purple",
            "MQ1F3ZD/A": "iPhone 14 Pro 256GB Deep Purple",
            "MQ103ZD/A": "iPhone 14 Pro 256GB Silver",
            "MQ233ZD/A": "iPhone 14 Pro 512GB Gold",
            "MQ083ZD/A": "iPhone 14 Pro 128GB Gold",
            "MQ2G3ZD/A": "iPhone 14 Pro 1TB Space Black"
        },
        "proMax14": {
            "MQAM3ZD/A": "iPhone 14 Pro Max 512GB Deep Purple",
            "MQC23ZD/A": "iPhone 14 Pro Max 1TB Space Black",
            "MQAH3ZD/A": "iPhone 14 Pro Max 512GB Silver",
            "MQ9U3ZD/A": "iPhone 14 Pro Max 256GB Space Black",
            "MQ9W3ZD/A": "iPhone 14 Pro Max 256GB Gold",
            "MQC43ZD/A": "iPhone 14 Pro Max 1TB Gold",
            "MQ9X3ZD/A": "iPhone 14 Pro Max 256GB Deep Purple",
            "MQ9R3ZD/A": "iPhone 14 Pro Max 128GB Gold",
            "MQ9P3ZD/A": "iPhone 14 Pro Max 128GB Space Black",
            "MQC33ZD/A": "iPhone 14 Pro Max 1TB Silver",
            "MQC53ZD/A": "iPhone 14 Pro Max 1TB Deep Purple",
            "MQAJ3ZD/A": "iPhone 14 Pro Max 512GB Gold",
            "MQ9T3ZD/A": "iPhone 14 Pro Max 128GB Deep Purple",
            "MQAF3ZD/A": "iPhone 14 Pro Max 512GB Space Black",
            "MQ9Q3ZD/A": "iPhone 14 Pro Max 128GB Silver",
            "MQ9V3ZD/A": "iPhone 14 Pro Max 256GB Silver"
        }
    },
    "fr": {
        "regular14": {
            "MPUR3ZD/A": "iPhone 14 128GB Starlight",
            "MPVA3ZD/A": "iPhone 14 128GB Product Red",
            "MPWH3ZD/A": "iPhone 14 256GB Product Red",
            "MPXG3ZD/A": "iPhone 14 512GB Product Red",
            "MPW43ZD/A": "iPhone 14 256GB Starlight",
            "MPVN3ZD/A": "iPhone 14 128GB Blue",
            "MPWW3ZD/A": "iPhone 14 512GB Midnight",
            "MPVX3ZD/A": "iPhone 14 256GB Midnight",
            "MPUF3ZD/A": "iPhone 14 128GB Midnight",
            "MPV03ZD/A": "iPhone 14 128GB Purple",
            "MPX33ZD/A": "iPhone 14 512GB Starlight",
            "MPWA3ZD/A": "iPhone 14 256GB Purple",
            "MPXN3ZD/A": "iPhone 14 512GB Blue",
            "MPX93ZD/A": "iPhone 14 512GB Purple",
            "MPWP3ZD/A": "iPhone 14 256GB Blue"
        },
        "plus14": {
            "MQ523ZD/A": "iPhone 14 Plus 128GB Blue",
            "MQ5G3ZD/A": "iPhone 14 Plus 512GB Blue",
            "MQ573ZD/A": "iPhone 14 Plus 256GB Product Red",
            "MQ4Y3ZD/A": "iPhone 14 Plus 128GB Starlight",
            "MQ563ZD/A": "iPhone 14 Plus 256GB Purple",
            "MQ5D3ZD/A": "iPhone 14 Plus 512GB Starlight",
            "MQ593ZD/A": "iPhone 14 Plus 512GB Midnight",
            "MQ503ZD/A": "iPhone 14 Plus 128GB Purple",
            "MQ533ZD/A": "iPhone 14 Plus 256GB Midnight",
            "MQ5E3ZD/A": "iPhone 14 Plus 512GB Purple",
            "MQ513ZD/A": "iPhone 14 Plus 128GB Product Red",
            "MQ553ZD/A": "iPhone 14 Plus 256GB Starlight",
            "MQ583ZD/A": "iPhone 14 Plus 256GB Blue",
            "MQ5F3ZD/A": "iPhone 14 Plus 512GB Product Red",
            "MQ4X3ZD/A": "iPhone 14 Plus 128GB Midnight"
        },
        "pro14": {
            "MQ0T3ZD/A": "iPhone 14 Pro 256GB Space Black",
            "MQ293ZD/A": "iPhone 14 Pro 512GB Deep Purple",
            "MQ2N3ZD/A": "iPhone 14 Pro 1TB Silver",
            "MQ323ZD/A": "iPhone 14 Pro 1TB Deep Purple",
            "MQ023ZD/A": "iPhone 14 Pro 128GB Silver",
            "MQ183ZD/A": "iPhone 14 Pro 256GB Gold",
            "MQ1M3ZD/A": "iPhone 14 Pro 512GB Space Black",
            "MQ2V3ZD/A": "iPhone 14 Pro 1TB Gold",
            "MPXV3ZD/A": "iPhone 14 Pro 128GB Space Black",
            "MQ1W3ZD/A": "iPhone 14 Pro 512GB Silver",
            "MQ0G3ZD/A": "iPhone 14 Pro 128GB Deep Purple",
            "MQ1F3ZD/A": "iPhone 14 Pro 256GB Deep Purple",
            "MQ103ZD/A": "iPhone 14 Pro 256GB Silver",
            "MQ233ZD/A": "iPhone 14 Pro 512GB Gold",
            "MQ083ZD/A": "iPhone 14 Pro 128GB Gold",
            "MQ2G3ZD/A": "iPhone 14 Pro 1TB Space Black"
        },
        "proMax14": {
            "MQAM3ZD/A": "iPhone 14 Pro Max 512GB Deep Purple",
            "MQC23ZD/A": "iPhone 14 Pro Max 1TB Space Black",
            "MQAH3ZD/A": "iPhone 14 Pro Max 512GB Silver",
            "MQ9U3ZD/A": "iPhone 14 Pro Max 256GB Space Black",
            "MQ9W3ZD/A": "iPhone 14 Pro Max 256GB Gold",
            "MQC43ZD/A": "iPhone 14 Pro Max 1TB Gold",
            "MQ9X3ZD/A": "iPhone 14 Pro Max 256GB Deep Purple",
            "MQ9R3ZD/A": "iPhone 14 Pro Max 128GB Gold",
            "MQ9P3ZD/A": "iPhone 14 Pro Max 128GB Space Black",
            "MQC33ZD/A": "iPhone 14 Pro Max 1TB Silver",
            "MQC53ZD/A": "iPhone 14 Pro Max 1TB Deep Purple",
            "MQAJ3ZD/A": "iPhone 14 Pro Max 512GB Gold",
            "MQ9T3ZD/A": "iPhone 14 Pro Max 128GB Deep Purple",
            "MQAF3ZD/A": "iPhone 14 Pro Max 512GB Space Black",
            "MQ9Q3ZD/A": "iPhone 14 Pro Max 128GB Silver",
            "MQ9V3ZD/A": "iPhone 14 Pro Max 256GB Silver"
        }
    },
    "it": {
        "regular14": {
            "MPUR3QL/A": "iPhone 14 128GB Starlight",
            "MPVA3QL/A": "iPhone 14 128GB Product Red",
            "MPWH3QL/A": "iPhone 14 256GB Product Red",
            "MPXG3QL/A": "iPhone 14 512GB Product Red",
            "MPW43QL/A": "iPhone 14 256GB Starlight",
            "MPVN3QL/A": "iPhone 14 128GB Blue",
            "MPWW3QL/A": "iPhone 14 512GB Midnight",
            "MPVX3QL/A": "iPhone 14 256GB Midnight",
            "MPUF3QL/A": "iPhone 14 128GB Midnight",
            "MPV03QL/A": "iPhone 14 128GB Purple",
            "MPX33QL/A": "iPhone 14 512GB Starlight",
            "MPWA3QL/A": "iPhone 14 256GB Purple",
            "MPXN3QL/A": "iPhone 14 512GB Blue",
            "MPX93QL/A": "iPhone 14 512GB Purple",
            "MPWP3QL/A": "iPhone 14 256GB Blue"
        },
        "plus14": {
            "MQ523QL/A": "iPhone 14 Plus 128GB Blue",
            "MQ5G3QL/A": "iPhone 14 Plus 512GB Blue",
            "MQ573QL/A": "iPhone 14 Plus 256GB Product Red",
            "MQ4Y3QL/A": "iPhone 14 Plus 128GB Starlight",
            "MQ563QL/A": "iPhone 14 Plus 256GB Purple",
            "MQ5D3QL/A": "iPhone 14 Plus 512GB Starlight",
            "MQ593QL/A": "iPhone 14 Plus 512GB Midnight",
            "MQ503QL/A": "iPhone 14 Plus 128GB Purple",
            "MQ533QL/A": "iPhone 14 Plus 256GB Midnight",
            "MQ5E3QL/A": "iPhone 14 Plus 512GB Purple",
            "MQ513QL/A": "iPhone 14 Plus 128GB Product Red",
            "MQ553QL/A": "iPhone 14 Plus 256GB Starlight",
            "MQ583QL/A": "iPhone 14 Plus 256GB Blue",
            "MQ5F3QL/A": "iPhone 14 Plus 512GB Product Red",
            "MQ4X3QL/A": "iPhone 14 Plus 128GB Midnight"
        },
        "pro14": {
            "MQ0T3QL/A": "iPhone 14 Pro 256GB Space Black",
            "MQ293QL/A": "iPhone 14 Pro 512GB Deep Purple",
            "MQ2N3QL/A": "iPhone 14 Pro 1TB Silver",
            "MQ323QL/A": "iPhone 14 Pro 1TB Deep Purple",
            "MQ023QL/A": "iPhone 14 Pro 128GB Silver",
            "MQ183QL/A": "iPhone 14 Pro 256GB Gold",
            "MQ1M3QL/A": "iPhone 14 Pro 512GB Space Black",
            "MQ2V3QL/A": "iPhone 14 Pro 1TB Gold",
            "MPXV3QL/A": "iPhone 14 Pro 128GB Space Black",
            "MQ1W3QL/A": "iPhone 14 Pro 512GB Silver",
            "MQ0G3QL/A": "iPhone 14 Pro 128GB Deep Purple",
            "MQ1F3QL/A": "iPhone 14 Pro 256GB Deep Purple",
            "MQ103QL/A": "iPhone 14 Pro 256GB Silver",
            "MQ233QL/A": "iPhone 14 Pro 512GB Gold",
            "MQ083QL/A": "iPhone 14 Pro 128GB Gold",
            "MQ2G3QL/A": "iPhone 14 Pro 1TB Space Black"
        },
        "proMax14": {
            "MQAM3QL/A": "iPhone 14 Pro Max 512GB Deep Purple",
            "MQC23QL/A": "iPhone 14 Pro Max 1TB Space Black",
            "MQAH3QL/A": "iPhone 14 Pro Max 512GB Silver",
            "MQ9U3QL/A": "iPhone 14 Pro Max 256GB Space Black",
            "MQ9W3QL/A": "iPhone 14 Pro Max 256GB Gold",
            "MQC43QL/A": "iPhone 14 Pro Max 1TB Gold",
            "MQ9X3QL/A": "iPhone 14 Pro Max 256GB Deep Purple",
            "MQ9R3QL/A": "iPhone 14 Pro Max 128GB Gold",
            "MQ9P3QL/A": "iPhone 14 Pro Max 128GB Space Black",
            "MQC33QL/A": "iPhone 14 Pro Max 1TB Silver",
            "MQC53QL/A": "iPhone 14 Pro Max 1TB Deep Purple",
            "MQAJ3QL/A": "iPhone 14 Pro Max 512GB Gold",
            "MQ9T3QL/A": "iPhone 14 Pro Max 128GB Deep Purple",
            "MQAF3QL/A": "iPhone 14 Pro Max 512GB Space Black",
            "MQ9Q3QL/A": "iPhone 14 Pro Max 128GB Silver",
            "MQ9V3QL/A": "iPhone 14 Pro Max 256GB Silver"
        }
    },
    "jp": {
        "regular14": {
            "MPX23J/A": "iPhone 14 512GB Starlight",
            "MPUQ3J/A": "iPhone 14 128GB Starlight",
            "MPWG3J/A": "iPhone 14 256GB Product Red",
            "MPXF3J/A": "iPhone 14 512GB Product Red",
            "MPW93J/A": "iPhone 14 256GB Purple",
            "MPV93J/A": "iPhone 14 128GB Product Red",
            "MPWV3J/A": "iPhone 14 512GB Midnight",
            "MPUD3J/A": "iPhone 14 128GB Midnight",
            "MPVJ3J/A": "iPhone 14 128GB Blue",
            "MPWN3J/A": "iPhone 14 256GB Blue",
            "MPW33J/A": "iPhone 14 256GB Starlight",
            "MPVW3J/A": "iPhone 14 256GB Midnight",
            "MPX83J/A": "iPhone 14 512GB Purple",
            "MPXM3J/A": "iPhone 14 512GB Blue",
            "MPUY3J/A": "iPhone 14 128GB Purple"
        },
        "plus14": {
            "MQ4T3J/A": "iPhone 14 Plus 512GB Starlight",
            "MQ4P3J/A": "iPhone 14 Plus 256GB Product Red",
            "MQ4U3J/A": "iPhone 14 Plus 512GB Purple",
            "MQ4J3J/A": "iPhone 14 Plus 256GB Midnight",
            "MQ4R3J/A": "iPhone 14 Plus 512GB Midnight",
            "MQ4L3J/A": "iPhone 14 Plus 256GB Starlight",
            "MQ4V3J/A": "iPhone 14 Plus 512GB Product Red",
            "MQ4Q3J/A": "iPhone 14 Plus 256GB Blue",
            "MQ4W3J/A": "iPhone 14 Plus 512GB Blue",
            "MQ4F3J/A": "iPhone 14 Plus 128GB Product Red",
            "MQ4A3J/A": "iPhone 14 Plus 128GB Midnight",
            "MQ4M3J/A": "iPhone 14 Plus 256GB Purple",
            "MQ4D3J/A": "iPhone 14 Plus 128GB Starlight",
            "MQ4H3J/A": "iPhone 14 Plus 128GB Blue",
            "MQ4E3J/A": "iPhone 14 Plus 128GB Purple"
        },
        "pro14": {
            "MQ1V3J/A": "iPhone 14 Pro 512GB Silver",
            "MQ0Y3J/A": "iPhone 14 Pro 256GB Silver",
            "MQ0Q3J/A": "iPhone 14 Pro 256GB Space Black",
            "MPXU3J/A": "iPhone 14 Pro 128GB Space Black",
            "MQ0F3J/A": "iPhone 14 Pro 128GB Deep Purple",
            "MQ283J/A": "iPhone 14 Pro 512GB Deep Purple",
            "MQ1L3J/A": "iPhone 14 Pro 512GB Space Black",
            "MQ1E3J/A": "iPhone 14 Pro 256GB Deep Purple",
            "MQ073J/A": "iPhone 14 Pro 128GB Gold",
            "MQ2F3J/A": "iPhone 14 Pro 1TB Space Black",
            "MQ173J/A": "iPhone 14 Pro 256GB Gold",
            "MQ013J/A": "iPhone 14 Pro 128GB Silver",
            "MQ2U3J/A": "iPhone 14 Pro 1TB Gold",
            "MQ2M3J/A": "iPhone 14 Pro 1TB Silver",
            "MQ313J/A": "iPhone 14 Pro 1TB Deep Purple",
            "MQ223J/A": "iPhone 14 Pro 512GB Gold"
        },
        "proMax14": {
            "MQ9C3J/A": "iPhone 14 Pro Max 256GB Silver",
            "MQ9D3J/A": "iPhone 14 Pro Max 256GB Gold",
            "MQ963J/A": "iPhone 14 Pro Max 128GB Space Black",
            "MQ9A3J/A": "iPhone 14 Pro Max 256GB Space Black",
            "MQ9L3J/A": "iPhone 14 Pro Max 1TB Silver",
            "MQ9J3J/A": "iPhone 14 Pro Max 512GB Deep Purple",
            "MQ9E3J/A": "iPhone 14 Pro Max 256GB Deep Purple",
            "MQ993J/A": "iPhone 14 Pro Max 128GB Deep Purple",
            "MQ9F3J/A": "iPhone 14 Pro Max 512GB Space Black",
            "MQ983J/A": "iPhone 14 Pro Max 128GB Gold",
            "MQ9N3J/A": "iPhone 14 Pro Max 1TB Deep Purple",
            "MQ9H3J/A": "iPhone 14 Pro Max 512GB Gold",
            "MQ973J/A": "iPhone 14 Pro Max 128GB Silver",
            "MQ9K3J/A": "iPhone 14 Pro Max 1TB Space Black",
            "MQ9G3J/A": "iPhone 14 Pro Max 512GB Silver",
            "MQ9M3J/A": "iPhone 14 Pro Max 1TB Gold"
        }
    },
    "at": {
        "regular14": {
            "MPUR3ZD/A": "iPhone 14 128GB Starlight",
            "MPVA3ZD/A": "iPhone 14 128GB Product Red",
            "MPWH3ZD/A": "iPhone 14 256GB Product Red",
            "MPXG3ZD/A": "iPhone 14 512GB Product Red",
            "MPW43ZD/A": "iPhone 14 256GB Starlight",
            "MPVN3ZD/A": "iPhone 14 128GB Blue",
            "MPWW3ZD/A": "iPhone 14 512GB Midnight",
            "MPVX3ZD/A": "iPhone 14 256GB Midnight",
            "MPUF3ZD/A": "iPhone 14 128GB Midnight",
            "MPV03ZD/A": "iPhone 14 128GB Purple",
            "MPX33ZD/A": "iPhone 14 512GB Starlight",
            "MPWA3ZD/A": "iPhone 14 256GB Purple",
            "MPXN3ZD/A": "iPhone 14 512GB Blue",
            "MPX93ZD/A": "iPhone 14 512GB Purple",
            "MPWP3ZD/A": "iPhone 14 256GB Blue"
        },
        "plus14": {
            "MQ523ZD/A": "iPhone 14 Plus 128GB Blue",
            "MQ5G3ZD/A": "iPhone 14 Plus 512GB Blue",
            "MQ573ZD/A": "iPhone 14 Plus 256GB Product Red",
            "MQ4Y3ZD/A": "iPhone 14 Plus 128GB Starlight",
            "MQ563ZD/A": "iPhone 14 Plus 256GB Purple",
            "MQ5D3ZD/A": "iPhone 14 Plus 512GB Starlight",
            "MQ593ZD/A": "iPhone 14 Plus 512GB Midnight",
            "MQ503ZD/A": "iPhone 14 Plus 128GB Purple",
            "MQ533ZD/A": "iPhone 14 Plus 256GB Midnight",
            "MQ5E3ZD/A": "iPhone 14 Plus 512GB Purple",
            "MQ513ZD/A": "iPhone 14 Plus 128GB Product Red",
            "MQ553ZD/A": "iPhone 14 Plus 256GB Starlight",
            "MQ583ZD/A": "iPhone 14 Plus 256GB Blue",
            "MQ5F3ZD/A": "iPhone 14 Plus 512GB Product Red",
            "MQ4X3ZD/A": "iPhone 14 Plus 128GB Midnight"
        },
        "pro14": {
            "MQ0T3ZD/A": "iPhone 14 Pro 256GB Space Black",
            "MQ293ZD/A": "iPhone 14 Pro 512GB Deep Purple",
            "MQ2N3ZD/A": "iPhone 14 Pro 1TB Silver",
            "MQ323ZD/A": "iPhone 14 Pro 1TB Deep Purple",
            "MQ023ZD/A": "iPhone 14 Pro 128GB Silver",
            "MQ183ZD/A": "iPhone 14 Pro 256GB Gold",
            "MQ1M3ZD/A": "iPhone 14 Pro 512GB Space Black",
            "MQ2V3ZD/A": "iPhone 14 Pro 1TB Gold",
            "MPXV3ZD/A": "iPhone 14 Pro 128GB Space Black",
            "MQ1W3ZD/A": "iPhone 14 Pro 512GB Silver",
            "MQ0G3ZD/A": "iPhone 14 Pro 128GB Deep Purple",
            "MQ1F3ZD/A": "iPhone 14 Pro 256GB Deep Purple",
            "MQ103ZD/A": "iPhone 14 Pro 256GB Silver",
            "MQ233ZD/A": "iPhone 14 Pro 512GB Gold",
            "MQ083ZD/A": "iPhone 14 Pro 128GB Gold",
            "MQ2G3ZD/A": "iPhone 14 Pro 1TB Space Black"
        },
        "proMax14": {
            "MQAM3ZD/A": "iPhone 14 Pro Max 512GB Deep Purple",
            "MQC23ZD/A": "iPhone 14 Pro Max 1TB Space Black",
            "MQAH3ZD/A": "iPhone 14 Pro Max 512GB Silver",
            "MQ9U3ZD/A": "iPhone 14 Pro Max 256GB Space Black",
            "MQ9W3ZD/A": "iPhone 14 Pro Max 256GB Gold",
            "MQC43ZD/A": "iPhone 14 Pro Max 1TB Gold",
            "MQ9X3ZD/A": "iPhone 14 Pro Max 256GB Deep Purple",
            "MQ9R3ZD/A": "iPhone 14 Pro Max 128GB Gold",
            "MQ9P3ZD/A": "iPhone 14 Pro Max 128GB Space Black",
            "MQC33ZD/A": "iPhone 14 Pro Max 1TB Silver",
            "MQC53ZD/A": "iPhone 14 Pro Max 1TB Deep Purple",
            "MQAJ3ZD/A": "iPhone 14 Pro Max 512GB Gold",
            "MQ9T3ZD/A": "iPhone 14 Pro Max 128GB Deep Purple",
            "MQAF3ZD/A": "iPhone 14 Pro Max 512GB Space Black",
            "MQ9Q3ZD/A": "iPhone 14 Pro Max 128GB Silver",
            "MQ9V3ZD/A": "iPhone 14 Pro Max 256GB Silver"
        }
    },
    "nl": {
        "regular14": {
            "MPUR3ZD/A": "iPhone 14 128GB Starlight",
            "MPVA3ZD/A": "iPhone 14 128GB Product Red",
            "MPWH3ZD/A": "iPhone 14 256GB Product Red",
            "MPXG3ZD/A": "iPhone 14 512GB Product Red",
            "MPW43ZD/A": "iPhone 14 256GB Starlight",
            "MPVN3ZD/A": "iPhone 14 128GB Blue",
            "MPWW3ZD/A": "iPhone 14 512GB Midnight",
            "MPVX3ZD/A": "iPhone 14 256GB Midnight",
            "MPUF3ZD/A": "iPhone 14 128GB Midnight",
            "MPV03ZD/A": "iPhone 14 128GB Purple",
            "MPX33ZD/A": "iPhone 14 512GB Starlight",
            "MPWA3ZD/A": "iPhone 14 256GB Purple",
            "MPXN3ZD/A": "iPhone 14 512GB Blue",
            "MPX93ZD/A": "iPhone 14 512GB Purple",
            "MPWP3ZD/A": "iPhone 14 256GB Blue"
        },
        "plus14": {
            "MQ523ZD/A": "iPhone 14 Plus 128GB Blue",
            "MQ5G3ZD/A": "iPhone 14 Plus 512GB Blue",
            "MQ573ZD/A": "iPhone 14 Plus 256GB Product Red",
            "MQ4Y3ZD/A": "iPhone 14 Plus 128GB Starlight",
            "MQ563ZD/A": "iPhone 14 Plus 256GB Purple",
            "MQ5D3ZD/A": "iPhone 14 Plus 512GB Starlight",
            "MQ593ZD/A": "iPhone 14 Plus 512GB Midnight",
            "MQ503ZD/A": "iPhone 14 Plus 128GB Purple",
            "MQ533ZD/A": "iPhone 14 Plus 256GB Midnight",
            "MQ5E3ZD/A": "iPhone 14 Plus 512GB Purple",
            "MQ513ZD/A": "iPhone 14 Plus 128GB Product Red",
            "MQ553ZD/A": "iPhone 14 Plus 256GB Starlight",
            "MQ583ZD/A": "iPhone 14 Plus 256GB Blue",
            "MQ5F3ZD/A": "iPhone 14 Plus 512GB Product Red",
            "MQ4X3ZD/A": "iPhone 14 Plus 128GB Midnight"
        },
        "pro14": {
            "MQ0T3ZD/A": "iPhone 14 Pro 256GB Space Black",
            "MQ293ZD/A": "iPhone 14 Pro 512GB Deep Purple",
            "MQ2N3ZD/A": "iPhone 14 Pro 1TB Silver",
            "MQ323ZD/A": "iPhone 14 Pro 1TB Deep Purple",
            "MQ023ZD/A": "iPhone 14 Pro 128GB Silver",
            "MQ183ZD/A": "iPhone 14 Pro 256GB Gold",
            "MQ1M3ZD/A": "iPhone 14 Pro 512GB Space Black",
            "MQ2V3ZD/A": "iPhone 14 Pro 1TB Gold",
            "MPXV3ZD/A": "iPhone 14 Pro 128GB Space Black",
            "MQ1W3ZD/A": "iPhone 14 Pro 512GB Silver",
            "MQ0G3ZD/A": "iPhone 14 Pro 128GB Deep Purple",
            "MQ1F3ZD/A": "iPhone 14 Pro 256GB Deep Purple",
            "MQ103ZD/A": "iPhone 14 Pro 256GB Silver",
            "MQ233ZD/A": "iPhone 14 Pro 512GB Gold",
            "MQ083ZD/A": "iPhone 14 Pro 128GB Gold",
            "MQ2G3ZD/A": "iPhone 14 Pro 1TB Space Black"
        },
        "proMax14": {
            "MQAM3ZD/A": "iPhone 14 Pro Max 512GB Deep Purple",
            "MQC23ZD/A": "iPhone 14 Pro Max 1TB Space Black",
            "MQAH3ZD/A": "iPhone 14 Pro Max 512GB Silver",
            "MQ9U3ZD/A": "iPhone 14 Pro Max 256GB Space Black",
            "MQ9W3ZD/A": "iPhone 14 Pro Max 256GB Gold",
            "MQC43ZD/A": "iPhone 14 Pro Max 1TB Gold",
            "MQ9X3ZD/A": "iPhone 14 Pro Max 256GB Deep Purple",
            "MQ9R3ZD/A": "iPhone 14 Pro Max 128GB Gold",
            "MQ9P3ZD/A": "iPhone 14 Pro Max 128GB Space Black",
            "MQC33ZD/A": "iPhone 14 Pro Max 1TB Silver",
            "MQC53ZD/A": "iPhone 14 Pro Max 1TB Deep Purple",
            "MQAJ3ZD/A": "iPhone 14 Pro Max 512GB Gold",
            "MQ9T3ZD/A": "iPhone 14 Pro Max 128GB Deep Purple",
            "MQAF3ZD/A": "iPhone 14 Pro Max 512GB Space Black",
            "MQ9Q3ZD/A": "iPhone 14 Pro Max 128GB Silver",
            "MQ9V3ZD/A": "iPhone 14 Pro Max 256GB Silver"
        }
    },
    "th": {
        "regular14": {
            "MPUR3ZP/A": "iPhone 14 128GB Starlight",
            "MPVA3ZP/A": "iPhone 14 128GB Product Red",
            "MPWH3ZP/A": "iPhone 14 256GB Product Red",
            "MPXG3ZP/A": "iPhone 14 512GB Product Red",
            "MPW43ZP/A": "iPhone 14 256GB Starlight",
            "MPVN3ZP/A": "iPhone 14 128GB Blue",
            "MPWW3ZP/A": "iPhone 14 512GB Midnight",
            "MPVX3ZP/A": "iPhone 14 256GB Midnight",
            "MPUF3ZP/A": "iPhone 14 128GB Midnight",
            "MPV03ZP/A": "iPhone 14 128GB Purple",
            "MPX33ZP/A": "iPhone 14 512GB Starlight",
            "MPWA3ZP/A": "iPhone 14 256GB Purple",
            "MPXN3ZP/A": "iPhone 14 512GB Blue",
            "MPX93ZP/A": "iPhone 14 512GB Purple",
            "MPWP3ZP/A": "iPhone 14 256GB Blue"
        },
        "plus14": {
            "MQ523ZP/A": "iPhone 14 Plus 128GB Blue",
            "MQ5G3ZP/A": "iPhone 14 Plus 512GB Blue",
            "MQ573ZP/A": "iPhone 14 Plus 256GB Product Red",
            "MQ4Y3ZP/A": "iPhone 14 Plus 128GB Starlight",
            "MQ563ZP/A": "iPhone 14 Plus 256GB Purple",
            "MQ5D3ZP/A": "iPhone 14 Plus 512GB Starlight",
            "MQ593ZP/A": "iPhone 14 Plus 512GB Midnight",
            "MQ503ZP/A": "iPhone 14 Plus 128GB Purple",
            "MQ533ZP/A": "iPhone 14 Plus 256GB Midnight",
            "MQ5E3ZP/A": "iPhone 14 Plus 512GB Purple",
            "MQ513ZP/A": "iPhone 14 Plus 128GB Product Red",
            "MQ553ZP/A": "iPhone 14 Plus 256GB Starlight",
            "MQ583ZP/A": "iPhone 14 Plus 256GB Blue",
            "MQ5F3ZP/A": "iPhone 14 Plus 512GB Product Red",
            "MQ4X3ZP/A": "iPhone 14 Plus 128GB Midnight"
        },
        "pro14": {
            "MQ0T3ZP/A": "iPhone 14 Pro 256GB Space Black",
            "MQ293ZP/A": "iPhone 14 Pro 512GB Deep Purple",
            "MQ2N3ZP/A": "iPhone 14 Pro 1TB Silver",
            "MQ323ZP/A": "iPhone 14 Pro 1TB Deep Purple",
            "MQ023ZP/A": "iPhone 14 Pro 128GB Silver",
            "MQ183ZP/A": "iPhone 14 Pro 256GB Gold",
            "MQ1M3ZP/A": "iPhone 14 Pro 512GB Space Black",
            "MQ2V3ZP/A": "iPhone 14 Pro 1TB Gold",
            "MPXV3ZP/A": "iPhone 14 Pro 128GB Space Black",
            "MQ1W3ZP/A": "iPhone 14 Pro 512GB Silver",
            "MQ0G3ZP/A": "iPhone 14 Pro 128GB Deep Purple",
            "MQ1F3ZP/A": "iPhone 14 Pro 256GB Deep Purple",
            "MQ103ZP/A": "iPhone 14 Pro 256GB Silver",
            "MQ233ZP/A": "iPhone 14 Pro 512GB Gold",
            "MQ083ZP/A": "iPhone 14 Pro 128GB Gold",
            "MQ2G3ZP/A": "iPhone 14 Pro 1TB Space Black"
        },
        "proMax14": {
            "MQAM3ZP/A": "iPhone 14 Pro Max 512GB Deep Purple",
            "MQC23ZP/A": "iPhone 14 Pro Max 1TB Space Black",
            "MQAH3ZP/A": "iPhone 14 Pro Max 512GB Silver",
            "MQ9U3ZP/A": "iPhone 14 Pro Max 256GB Space Black",
            "MQ9W3ZP/A": "iPhone 14 Pro Max 256GB Gold",
            "MQC43ZP/A": "iPhone 14 Pro Max 1TB Gold",
            "MQ9X3ZP/A": "iPhone 14 Pro Max 256GB Deep Purple",
            "MQ9R3ZP/A": "iPhone 14 Pro Max 128GB Gold",
            "MQ9P3ZP/A": "iPhone 14 Pro Max 128GB Space Black",
            "MQC33ZP/A": "iPhone 14 Pro Max 1TB Silver",
            "MQC53ZP/A": "iPhone 14 Pro Max 1TB Deep Purple",
            "MQAJ3ZP/A": "iPhone 14 Pro Max 512GB Gold",
            "MQ9T3ZP/A": "iPhone 14 Pro Max 128GB Deep Purple",
            "MQAF3ZP/A": "iPhone 14 Pro Max 512GB Space Black",
            "MQ9Q3ZP/A": "iPhone 14 Pro Max 128GB Silver",
            "MQ9V3ZP/A": "iPhone 14 Pro Max 256GB Silver"
        }
    }
}
